country_text_id,COWcode,dac_code,vdem_text_id,country_name,valid_from,valid_to,in_unga,in_unsc,in_vdem,in_dac,sources,succession_note
ABW,NA,ABW,NA,Aruba,1985,1999,FALSE,FALSE,FALSE,TRUE,dac_recipient,NA
AFG,700,AFG,AFG,Afghanistan,1789,2024,TRUE,FALSE,TRUE,TRUE,unga+vdem,NA
AFG,NA,AFG,AFG,Afghanistan,1960,2024,FALSE,FALSE,TRUE,TRUE,dac_recipient,NA
AGO,540,AGO,AGO,Angola,1900,2025,TRUE,TRUE,TRUE,TRUE,unga+unsc+vdem,NA
AGO,NA,AGO,AGO,Angola,1960,2024,FALSE,FALSE,TRUE,TRUE,dac_recipient,NA
AIA,NA,AIA,NA,Anguilla,1975,2013,FALSE,FALSE,FALSE,TRUE,dac_recipient,NA
ALB,339,ALB,ALB,Albania,1912,2025,TRUE,TRUE,TRUE,TRUE,unga+unsc+vdem,NA
ALB,NA,ALB,ALB,Albania,1988,2024,FALSE,FALSE,TRUE,TRUE,dac_recipient,NA
AND,232,NA,NA,Andorra,1993,2025,TRUE,FALSE,FALSE,FALSE,unga,NA
ARE,NA,ARE,ARE,United Arab Emirates,1960,2024,FALSE,FALSE,TRUE,TRUE,dac_donor+dac_recipient,NA
ARE,696,ARE,ARE,United Arab Emirates,1971,2025,TRUE,TRUE,TRUE,TRUE,unga+unsc+vdem,NA
ARG,160,ARG,ARG,Argentina,1789,2025,TRUE,TRUE,TRUE,TRUE,unga+unsc+vdem,NA
ARG,NA,ARG,ARG,Argentina,1960,2024,FALSE,FALSE,TRUE,TRUE,dac_recipient,NA
ARM,371,ARM,ARM,Armenia,1990,2025,TRUE,FALSE,TRUE,TRUE,unga+vdem,NA
ARM,NA,ARM,ARM,Armenia,1991,2024,FALSE,FALSE,TRUE,TRUE,dac_recipient,NA
ATG,NA,ATG,NA,Antigua and Barbuda,1972,2021,FALSE,FALSE,FALSE,TRUE,dac_recipient,NA
ATG,58,ATG,NA,Antigua & Barbuda,1981,2025,TRUE,FALSE,FALSE,TRUE,unga,NA
AUS,900,AUS,AUS,Australia,1789,2025,TRUE,TRUE,TRUE,TRUE,unga+unsc+vdem,NA
AUS,NA,AUS,AUS,Australia,1965,2024,FALSE,FALSE,TRUE,TRUE,dac_donor,NA
AUT,300,AUT,AUT,Austria,1789,1918,FALSE,FALSE,TRUE,TRUE,vdem,NA
AUT,305,AUT,AUT,Austria,1919,2028,TRUE,TRUE,TRUE,TRUE,unga+unsc+vdem,NA
AUT,NA,AUT,AUT,Austria,1960,2024,FALSE,FALSE,TRUE,TRUE,dac_donor,NA
AZE,373,AZE,AZE,Azerbaijan,1990,2025,TRUE,TRUE,TRUE,TRUE,unga+unsc+vdem,NA
AZE,NA,AZE,AZE,Azerbaijan,1991,2024,FALSE,FALSE,TRUE,TRUE,dac_donor+dac_recipient,NA
BDI,516,BDI,BDI,Burundi,1916,2025,TRUE,TRUE,TRUE,TRUE,unga+unsc+vdem,NA
BDI,NA,BDI,BDI,Burundi,1960,2024,FALSE,FALSE,TRUE,TRUE,dac_recipient,NA
BDN,267,NA,BDN,Baden,1789,1871,FALSE,FALSE,TRUE,FALSE,vdem,NA
BEL,211,BEL,BEL,Belgium,1789,2025,TRUE,TRUE,TRUE,TRUE,unga+unsc+vdem,NA
BEL,NA,BEL,BEL,Belgium,1960,2024,FALSE,FALSE,TRUE,TRUE,dac_donor,NA
BEN,434,BEN,BEN,Benin,1900,2025,TRUE,TRUE,TRUE,TRUE,unga+unsc+vdem,NA
BEN,NA,BEN,BEN,Benin,1960,2024,FALSE,FALSE,TRUE,TRUE,dac_recipient,NA
BFA,439,BFA,BFA,Burkina Faso,1919,2025,TRUE,TRUE,TRUE,TRUE,unga+unsc+vdem,NA
BFA,NA,BFA,BFA,Burkina Faso,1960,2024,FALSE,FALSE,TRUE,TRUE,dac_recipient,NA
BGD,771,BGD,BGD,Bangladesh,1971,2025,TRUE,TRUE,TRUE,TRUE,unga+unsc+vdem,NA
BGD,NA,BGD,BGD,Bangladesh,1971,2024,FALSE,FALSE,TRUE,TRUE,dac_recipient,NA
BGR,355,BGR,BGR,Bulgaria,1878,2025,TRUE,TRUE,TRUE,TRUE,unga+unsc+vdem,NA
BGR,NA,BGR,BGR,Bulgaria,2010,2024,FALSE,FALSE,TRUE,TRUE,dac_donor,NA
BHR,692,BHR,BHR,Bahrain,1900,2027,TRUE,TRUE,TRUE,TRUE,unga+unsc+vdem,NA
BHR,NA,BHR,BHR,Bahrain,1960,2004,FALSE,FALSE,TRUE,TRUE,dac_recipient,NA
BHS,NA,BHS,NA,Bahamas,1960,1995,FALSE,FALSE,FALSE,TRUE,dac_recipient,NA
BHS,31,BHS,NA,Bahamas,1973,2025,TRUE,FALSE,FALSE,TRUE,unga,NA
BIH,NA,BIH,BIH,Bosnia and Herzegovina,1989,2024,FALSE,FALSE,TRUE,TRUE,dac_recipient,NA
BIH,346,BIH,BIH,Bosnia & Herzegovina,1992,2025,TRUE,TRUE,TRUE,TRUE,unga+unsc+vdem,NA
BLR,370,BLR,BLR,Belarus,1946,2025,TRUE,TRUE,TRUE,TRUE,unga+unsc+vdem,NA
BLR,NA,BLR,BLR,Belarus,2005,2024,FALSE,FALSE,TRUE,TRUE,dac_recipient,NA
BLZ,NA,BLZ,NA,Belize,1960,2024,FALSE,FALSE,FALSE,TRUE,dac_recipient,NA
BLZ,80,BLZ,NA,Belize,1981,2025,TRUE,FALSE,FALSE,TRUE,unga,NA
BMU,NA,BMU,NA,Bermuda,1964,1996,FALSE,FALSE,FALSE,TRUE,dac_recipient,NA
BOL,145,BOL,BOL,Bolivia,1825,2025,TRUE,TRUE,TRUE,TRUE,unga+unsc+vdem,NA
BOL,NA,BOL,BOL,Bolivia,1960,2024,FALSE,FALSE,TRUE,TRUE,dac_recipient,NA
BRA,140,BRA,BRA,Brazil,1789,2025,TRUE,TRUE,TRUE,TRUE,unga+unsc+vdem,NA
BRA,NA,BRA,BRA,Brazil,1960,2024,FALSE,FALSE,TRUE,TRUE,dac_recipient,NA
BRB,53,BRB,BRB,Barbados,1900,2025,TRUE,FALSE,TRUE,TRUE,unga+vdem,NA
BRB,NA,BRB,BRB,Barbados,1966,2010,FALSE,FALSE,TRUE,TRUE,dac_recipient,NA
BRN,NA,BRN,NA,Brunei Darussalam,1960,1995,FALSE,FALSE,FALSE,TRUE,dac_recipient,NA
BRN,835,BRN,NA,Brunei,1984,2025,TRUE,FALSE,FALSE,TRUE,unga,NA
BRW,NA,NA,BRW,Brunswick,1789,1867,FALSE,FALSE,TRUE,FALSE,vdem,NA
BTN,760,BTN,BTN,Bhutan,1900,2025,TRUE,FALSE,TRUE,TRUE,unga+vdem,NA
BTN,NA,BTN,BTN,Bhutan,1963,2024,FALSE,FALSE,TRUE,TRUE,dac_recipient,NA
BVR,245,NA,BVR,Bavaria,1789,1871,FALSE,FALSE,TRUE,FALSE,vdem,NA
BWA,571,BWA,BWA,Botswana,1900,2025,TRUE,TRUE,TRUE,TRUE,unga+unsc+vdem,NA
BWA,NA,BWA,BWA,Botswana,1960,2024,FALSE,FALSE,TRUE,TRUE,dac_recipient,NA
CAF,482,CAF,CAF,Central African Republic,1920,2025,TRUE,FALSE,TRUE,TRUE,unga+vdem,NA
CAF,NA,CAF,CAF,Central African Republic,1960,2024,FALSE,FALSE,TRUE,TRUE,dac_recipient,NA
CAN,20,CAN,CAN,Canada,1841,2025,TRUE,TRUE,TRUE,TRUE,unga+unsc+vdem,NA
CAN,NA,CAN,CAN,Canada,1960,2024,FALSE,FALSE,TRUE,TRUE,dac_donor,NA
CHE,225,CHE,CHE,Switzerland,1798,2025,TRUE,TRUE,TRUE,TRUE,unga+unsc+vdem,NA
CHE,NA,CHE,CHE,Switzerland,1960,2024,FALSE,FALSE,TRUE,TRUE,dac_donor,NA
CHL,155,CHL,CHL,Chile,1789,2025,TRUE,TRUE,TRUE,TRUE,unga+unsc+vdem,NA
CHL,NA,CHL,CHL,Chile,1960,2017,FALSE,FALSE,TRUE,TRUE,dac_recipient,NA
CHN,710,CHN,CHN,China,1789,2025,TRUE,FALSE,TRUE,TRUE,unga+vdem,NA
CHN,NA,CHN,CHN,China (People’s Republic of),1979,2024,FALSE,FALSE,TRUE,TRUE,dac_recipient,NA
CIV,437,CIV,CIV,Côte d’Ivoire,1900,2025,TRUE,TRUE,TRUE,TRUE,unga+unsc+vdem,NA
CIV,NA,CIV,CIV,Côte d’Ivoire,1960,2024,FALSE,FALSE,TRUE,TRUE,dac_recipient,NA
CMR,471,CMR,CMR,Cameroon,1960,2025,TRUE,TRUE,TRUE,TRUE,unga+unsc+vdem,NA
CMR,NA,CMR,CMR,Cameroon,1960,2024,FALSE,FALSE,TRUE,TRUE,dac_recipient,NA
COD,490,COD,COD,Congo - Kinshasa,1900,2027,TRUE,TRUE,TRUE,TRUE,unga+unsc+vdem,NA
COD,NA,COD,COD,Democratic Republic of the Congo,1960,2024,FALSE,FALSE,TRUE,TRUE,dac_recipient,NA
COG,484,COG,COG,Congo - Brazzaville,1903,2025,TRUE,TRUE,TRUE,TRUE,unga+unsc+vdem,NA
COG,NA,COG,COG,Congo,1960,2024,FALSE,FALSE,TRUE,TRUE,dac_recipient,NA
COK,NA,COK,NA,Cook Islands,1972,2019,FALSE,FALSE,FALSE,TRUE,dac_recipient,NA
COL,100,COL,COL,Colombia,1789,2027,TRUE,TRUE,TRUE,TRUE,unga+unsc+vdem,NA
COL,NA,COL,COL,Colombia,1960,2024,FALSE,FALSE,TRUE,TRUE,dac_recipient,NA
COM,581,COM,COM,Comoros,1900,2025,TRUE,FALSE,TRUE,TRUE,unga+vdem,NA
COM,NA,COM,COM,Comoros,1966,2024,FALSE,FALSE,TRUE,TRUE,dac_recipient,NA
CPV,402,CPV,CPV,Cape Verde,1900,2025,TRUE,TRUE,TRUE,TRUE,unga+unsc+vdem,NA
CPV,NA,CPV,CPV,Cabo Verde,1961,2024,FALSE,FALSE,TRUE,TRUE,dac_recipient,NA
CRI,94,CRI,CRI,Costa Rica,1838,2025,TRUE,TRUE,TRUE,TRUE,unga+unsc+vdem,NA
CRI,NA,CRI,CRI,Costa Rica,1960,2024,FALSE,FALSE,TRUE,TRUE,dac_recipient,NA
CSK,315,NA,CZE,Czechoslovakia,1946,1992,TRUE,TRUE,TRUE,FALSE,unga+unsc,Czechoslovakia; COW 315 shared with CZE. Dissolved 1993 -> CZE + SVK. V-Dem alias CZE.
CUB,40,CUB,CUB,Cuba,1789,2025,TRUE,TRUE,TRUE,TRUE,unga+unsc+vdem,NA
CUB,NA,CUB,CUB,Cuba,1960,2024,FALSE,FALSE,TRUE,TRUE,dac_recipient,NA
CYM,NA,CYM,NA,Cayman Islands,1973,1996,FALSE,FALSE,FALSE,TRUE,dac_recipient,NA
CYP,352,CYP,CYP,Cyprus,1900,2025,TRUE,FALSE,TRUE,TRUE,unga+vdem,NA
CYP,NA,CYP,CYP,Cyprus,1960,2024,FALSE,FALSE,TRUE,TRUE,dac_donor+dac_recipient,NA
CZE,315,CZE,CZE,Czechia,1918,1992,FALSE,FALSE,TRUE,TRUE,vdem,"Czechia; COW 316 post-1993, COW 315 pre-1993 as part of CSK."
CZE,316,CZE,CZE,Czechia,1993,2025,TRUE,TRUE,TRUE,TRUE,unga+unsc+vdem,"Czechia; COW 316 post-1993, COW 315 pre-1993 as part of CSK."
CZE,NA,CZE,CZE,Czechia,1993,2024,FALSE,FALSE,TRUE,TRUE,dac_donor,"Czechia; COW 316 post-1993, COW 315 pre-1993 as part of CSK."
DDR,265,NA,DDR,German Democratic Republic,1949,1990,TRUE,TRUE,TRUE,FALSE,unga+unsc+vdem,German Democratic Republic; merged into DEU 1990. No post-1990 rows exist.
DEU,255,DEU,DEU,Germany,1789,2025,TRUE,TRUE,TRUE,TRUE,unga+unsc+vdem,NA
DEU,260,DEU,DEU,German Federal Republic,1949,1990,TRUE,FALSE,TRUE,TRUE,unga+vdem,NA
DEU,NA,DEU,DEU,Germany,1960,2024,FALSE,FALSE,TRUE,TRUE,dac_donor,NA
DJI,522,DJI,DJI,Djibouti,1900,2025,TRUE,TRUE,TRUE,TRUE,unga+unsc+vdem,NA
DJI,NA,DJI,DJI,Djibouti,1966,2024,FALSE,FALSE,TRUE,TRUE,dac_recipient,NA
DMA,NA,DMA,NA,Dominica,1971,2024,FALSE,FALSE,FALSE,TRUE,dac_recipient,NA
DMA,54,DMA,NA,Dominica,1982,2025,TRUE,FALSE,FALSE,TRUE,unga,NA
DNK,390,DNK,DNK,Denmark,1789,2026,TRUE,TRUE,TRUE,TRUE,unga+unsc+vdem,NA
DNK,NA,DNK,DNK,Denmark,1960,2024,FALSE,FALSE,TRUE,TRUE,dac_donor,NA
DOM,42,DOM,DOM,Dominican Republic,1789,2025,TRUE,TRUE,TRUE,TRUE,unga+unsc+vdem,NA
DOM,NA,DOM,DOM,Dominican Republic,1960,2024,FALSE,FALSE,TRUE,TRUE,dac_recipient,NA
DZA,615,DZA,DZA,Algeria,1900,2025,TRUE,TRUE,TRUE,TRUE,unga+unsc+vdem,NA
DZA,NA,DZA,DZA,Algeria,1960,2024,FALSE,FALSE,TRUE,TRUE,dac_recipient,NA
ECU,130,ECU,ECU,Ecuador,1830,2025,TRUE,TRUE,TRUE,TRUE,unga+unsc+vdem,NA
ECU,NA,ECU,ECU,Ecuador,1960,2024,FALSE,FALSE,TRUE,TRUE,dac_recipient,NA
EGY,651,EGY,EGY,Egypt,1789,2025,TRUE,TRUE,TRUE,TRUE,unga+unsc+vdem,NA
EGY,NA,EGY,EGY,Egypt,1960,2024,FALSE,FALSE,TRUE,TRUE,dac_recipient,NA
ERI,531,ERI,ERI,Eritrea,1900,2025,TRUE,FALSE,TRUE,TRUE,unga+vdem,NA
ERI,NA,ERI,ERI,Eritrea,1971,2024,FALSE,FALSE,TRUE,TRUE,dac_recipient,NA
ESP,230,ESP,ESP,Spain,1789,2025,TRUE,TRUE,TRUE,TRUE,unga+unsc+vdem,NA
ESP,NA,ESP,ESP,Spain,1980,2024,FALSE,FALSE,TRUE,TRUE,dac_donor,NA
EST,366,EST,EST,Estonia,1918,2025,TRUE,TRUE,TRUE,TRUE,unga+unsc+vdem,NA
EST,NA,EST,EST,Estonia,1998,2024,FALSE,FALSE,TRUE,TRUE,dac_donor,NA
ETH,530,ETH,ETH,Ethiopia,1789,2025,TRUE,TRUE,TRUE,TRUE,unga+unsc+vdem,NA
ETH,NA,ETH,ETH,Ethiopia,1960,2024,FALSE,FALSE,TRUE,TRUE,dac_recipient,NA
FIN,375,FIN,FIN,Finland,1809,2025,TRUE,TRUE,TRUE,TRUE,unga+unsc+vdem,NA
FIN,NA,FIN,FIN,Finland,1970,2024,FALSE,FALSE,TRUE,TRUE,dac_donor,NA
FJI,950,FJI,FJI,Fiji,1900,2025,TRUE,FALSE,TRUE,TRUE,unga+vdem,NA
FJI,NA,FJI,FJI,Fiji,1960,2024,FALSE,FALSE,TRUE,TRUE,dac_recipient,NA
FRA,220,FRA,FRA,France,1789,2025,TRUE,FALSE,TRUE,TRUE,unga+vdem,NA
FRA,NA,FRA,FRA,France,1960,2024,FALSE,FALSE,TRUE,TRUE,dac_donor,NA
FSM,987,FSM,NA,Micronesia (Federated States of),1991,2025,TRUE,FALSE,FALSE,TRUE,unga,NA
FSM,NA,FSM,NA,Micronesia,1991,2024,FALSE,FALSE,FALSE,TRUE,dac_recipient,NA
GAB,481,GAB,GAB,Gabon,1910,2025,TRUE,TRUE,TRUE,TRUE,unga+unsc+vdem,NA
GAB,NA,GAB,GAB,Gabon,1960,2024,FALSE,FALSE,TRUE,TRUE,dac_recipient,NA
GBR,200,GBR,GBR,United Kingdom,1789,2025,TRUE,FALSE,TRUE,TRUE,unga+vdem,NA
GBR,NA,GBR,GBR,United Kingdom,1960,2024,FALSE,FALSE,TRUE,TRUE,dac_donor,NA
GEO,372,GEO,GEO,Georgia,1990,2025,TRUE,FALSE,TRUE,TRUE,unga+vdem,NA
GEO,NA,GEO,GEO,Georgia,1991,2024,FALSE,FALSE,TRUE,TRUE,dac_recipient,NA
GHA,452,GHA,GHA,Ghana,1902,2025,TRUE,TRUE,TRUE,TRUE,unga+unsc+vdem,NA
GHA,NA,GHA,GHA,Ghana,1960,2024,FALSE,FALSE,TRUE,TRUE,dac_recipient,NA
GIB,NA,GIB,NA,Gibraltar,1960,1999,FALSE,FALSE,FALSE,TRUE,dac_recipient,NA
GIN,438,GIN,GIN,Guinea,1900,2025,TRUE,TRUE,TRUE,TRUE,unga+unsc+vdem,NA
GIN,NA,GIN,GIN,Guinea,1960,2024,FALSE,FALSE,TRUE,TRUE,dac_recipient,NA
GMB,420,GMB,GMB,Gambia,1900,2025,TRUE,TRUE,TRUE,TRUE,unga+unsc+vdem,NA
GMB,NA,GMB,GMB,Gambia,1960,2024,FALSE,FALSE,TRUE,TRUE,dac_recipient,NA
GNB,404,GNB,GNB,Guinea-Bissau,1900,2025,TRUE,TRUE,TRUE,TRUE,unga+unsc+vdem,NA
GNB,NA,GNB,GNB,Guinea-Bissau,1961,2024,FALSE,FALSE,TRUE,TRUE,dac_recipient,NA
GNQ,411,GNQ,GNQ,Equatorial Guinea,1900,2025,TRUE,TRUE,TRUE,TRUE,unga+unsc+vdem,NA
GNQ,NA,GNQ,GNQ,Equatorial Guinea,1973,2024,FALSE,FALSE,TRUE,TRUE,dac_recipient,NA
GRC,350,GRC,GRC,Greece,1822,2026,TRUE,TRUE,TRUE,TRUE,unga+unsc+vdem,NA
GRC,NA,GRC,GRC,Greece,1996,2024,FALSE,FALSE,TRUE,TRUE,dac_donor,NA
GRD,NA,GRD,NA,Grenada,1971,2024,FALSE,FALSE,FALSE,TRUE,dac_recipient,NA
GRD,55,GRD,NA,Grenada,1974,2025,TRUE,FALSE,FALSE,TRUE,unga,NA
GTM,90,GTM,GTM,Guatemala,1789,2025,TRUE,TRUE,TRUE,TRUE,unga+unsc+vdem,NA
GTM,NA,GTM,GTM,Guatemala,1960,2024,FALSE,FALSE,TRUE,TRUE,dac_recipient,NA
GUY,110,GUY,GUY,Guyana,1900,2025,TRUE,TRUE,TRUE,TRUE,unga+unsc+vdem,NA
GUY,NA,GUY,GUY,Guyana,1960,2024,FALSE,FALSE,TRUE,TRUE,dac_recipient,NA
HDM,275,NA,HDM,Hesse-Darmstadt,1789,1867,FALSE,FALSE,TRUE,FALSE,vdem,NA
HDM,NA,NA,HDM,Hesse-Darmstadt,1868,1871,FALSE,FALSE,TRUE,FALSE,vdem,NA
HKG,NA,HKG,HKG,Hong Kong,1900,2024,FALSE,FALSE,TRUE,TRUE,dac_recipient+vdem,NA
HKS,273,NA,HKS,Hesse-Kassel,1789,1866,FALSE,FALSE,TRUE,FALSE,vdem,NA
HND,91,HND,HND,Honduras,1838,2025,TRUE,TRUE,TRUE,TRUE,unga+unsc+vdem,NA
HND,NA,HND,HND,Honduras,1960,2024,FALSE,FALSE,TRUE,TRUE,dac_recipient,NA
HRG,NA,NA,HRG,Hamburg,1789,1867,FALSE,FALSE,TRUE,FALSE,vdem,NA
HRV,344,HRV,HRV,Croatia,1941,2025,TRUE,TRUE,TRUE,TRUE,unga+unsc+vdem,NA
HRV,NA,HRV,HRV,Croatia,1992,2024,FALSE,FALSE,TRUE,TRUE,dac_donor+dac_recipient,NA
HTI,41,HTI,HTI,Haiti,1789,2025,TRUE,FALSE,TRUE,TRUE,unga+vdem,NA
HTI,NA,HTI,HTI,Haiti,1960,2024,FALSE,FALSE,TRUE,TRUE,dac_recipient,NA
HUN,310,HUN,HUN,Hungary,1789,2025,TRUE,TRUE,TRUE,TRUE,unga+unsc+vdem,NA
HUN,NA,HUN,HUN,Hungary,1975,2024,FALSE,FALSE,TRUE,TRUE,dac_donor,NA
HVR,240,NA,HVR,Hanover,1789,1866,FALSE,FALSE,TRUE,FALSE,vdem,NA
IDN,850,IDN,IDN,Indonesia,1800,2025,TRUE,TRUE,TRUE,TRUE,unga+unsc+vdem,NA
IDN,NA,IDN,IDN,Indonesia,1960,2024,FALSE,FALSE,TRUE,TRUE,dac_recipient,NA
IND,750,IND,IND,India,1789,2025,TRUE,TRUE,TRUE,TRUE,unga+unsc+vdem,NA
IND,NA,IND,IND,India,1960,2024,FALSE,FALSE,TRUE,TRUE,dac_recipient,NA
IRL,205,IRL,IRL,Ireland,1919,2025,TRUE,TRUE,TRUE,TRUE,unga+unsc+vdem,NA
IRL,NA,IRL,IRL,Ireland,1974,2024,FALSE,FALSE,TRUE,TRUE,dac_donor,NA
IRN,630,IRN,IRN,Iran,1789,2025,TRUE,FALSE,TRUE,TRUE,unga+vdem,NA
IRN,NA,IRN,IRN,Iran,1960,2024,FALSE,FALSE,TRUE,TRUE,dac_recipient,NA
IRQ,645,IRQ,IRQ,Iraq,1920,2025,TRUE,TRUE,TRUE,TRUE,unga+unsc+vdem,NA
IRQ,NA,IRQ,IRQ,Iraq,1960,2024,FALSE,FALSE,TRUE,TRUE,dac_recipient,NA
ISL,395,ISL,ISL,Iceland,1900,2025,TRUE,FALSE,TRUE,TRUE,unga+vdem,NA
ISL,NA,ISL,ISL,Iceland,1990,2024,FALSE,FALSE,TRUE,TRUE,dac_donor,NA
ISR,666,ISR,ISR,Israel,1948,2025,TRUE,FALSE,TRUE,TRUE,unga+vdem,NA
ISR,NA,ISR,ISR,Israel,1960,2024,FALSE,FALSE,TRUE,TRUE,dac_donor+dac_recipient,NA
ITA,325,ITA,ITA,Italy,1861,2025,TRUE,TRUE,TRUE,TRUE,unga+unsc+vdem,NA
ITA,NA,ITA,ITA,Italy,1960,2024,FALSE,FALSE,TRUE,TRUE,dac_donor,NA
JAM,51,JAM,JAM,Jamaica,1900,2025,TRUE,TRUE,TRUE,TRUE,unga+unsc+vdem,NA
JAM,NA,JAM,JAM,Jamaica,1961,2024,FALSE,FALSE,TRUE,TRUE,dac_recipient,NA
JOR,663,JOR,JOR,Jordan,1922,2025,TRUE,TRUE,TRUE,TRUE,unga+unsc+vdem,NA
JOR,NA,JOR,JOR,Jordan,1960,2024,FALSE,FALSE,TRUE,TRUE,dac_recipient,NA
JPN,740,JPN,JPN,Japan,1789,2025,TRUE,TRUE,TRUE,TRUE,unga+unsc+vdem,NA
JPN,NA,JPN,JPN,Japan,1960,2024,FALSE,FALSE,TRUE,TRUE,dac_donor,NA
KAZ,705,KAZ,KAZ,Kazakhstan,1990,2025,TRUE,TRUE,TRUE,TRUE,unga+unsc+vdem,NA
KAZ,NA,KAZ,KAZ,Kazakhstan,1991,2024,FALSE,FALSE,TRUE,TRUE,dac_donor+dac_recipient,NA
KEN,501,KEN,KEN,Kenya,1900,2025,TRUE,TRUE,TRUE,TRUE,unga+unsc+vdem,NA
KEN,NA,KEN,KEN,Kenya,1960,2024,FALSE,FALSE,TRUE,TRUE,dac_recipient,NA
KGZ,703,KGZ,KGZ,Kyrgyzstan,1990,2028,TRUE,TRUE,TRUE,TRUE,unga+unsc+vdem,NA
KGZ,NA,KGZ,KGZ,Kyrgyzstan,1992,2024,FALSE,FALSE,TRUE,TRUE,dac_recipient,NA
KHM,811,KHM,KHM,Cambodia,1900,2025,TRUE,FALSE,TRUE,TRUE,unga+vdem,NA
KHM,NA,KHM,KHM,Cambodia,1960,2024,FALSE,FALSE,TRUE,TRUE,dac_recipient,NA
KIR,NA,KIR,NA,Kiribati,1960,2024,FALSE,FALSE,FALSE,TRUE,dac_recipient,NA
KIR,946,KIR,NA,Kiribati,2000,2025,TRUE,FALSE,FALSE,TRUE,unga,NA
KNA,NA,KNA,NA,Saint Kitts and Nevis,1971,2013,FALSE,FALSE,FALSE,TRUE,dac_recipient,NA
KNA,60,KNA,NA,St. Kitts & Nevis,1983,2025,TRUE,FALSE,FALSE,TRUE,unga,NA
KOR,730,KOR,KOR,South Korea,1789,1905,FALSE,FALSE,TRUE,TRUE,vdem,NA
KOR,732,KOR,KOR,South Korea,1906,2025,TRUE,TRUE,TRUE,TRUE,unga+unsc+vdem,NA
KOR,NA,KOR,KOR,Korea,1960,2024,FALSE,FALSE,TRUE,TRUE,dac_donor+dac_recipient,NA
KWT,690,KWT,KWT,Kuwait,1789,2025,TRUE,TRUE,TRUE,TRUE,unga+unsc+vdem,NA
KWT,NA,KWT,KWT,Kuwait,1961,2024,FALSE,FALSE,TRUE,TRUE,dac_donor+dac_recipient,NA
LAO,812,LAO,LAO,Laos,1900,2025,TRUE,FALSE,TRUE,TRUE,unga+vdem,NA
LAO,NA,LAO,LAO,Lao People’s Democratic Republic,1960,2024,FALSE,FALSE,TRUE,TRUE,dac_recipient,NA
LBN,660,LBN,LBN,Lebanon,1918,2025,TRUE,TRUE,TRUE,TRUE,unga+unsc+vdem,NA
LBN,NA,LBN,LBN,Lebanon,1960,2024,FALSE,FALSE,TRUE,TRUE,dac_recipient,NA
LBR,450,LBR,LBR,Liberia,1821,2027,TRUE,TRUE,TRUE,TRUE,unga+unsc+vdem,NA
LBR,NA,LBR,LBR,Liberia,1960,2024,FALSE,FALSE,TRUE,TRUE,dac_recipient,NA
LBY,620,LBY,LBY,Libya,1789,2025,TRUE,TRUE,TRUE,TRUE,unga+unsc+vdem,NA
LBY,NA,LBY,LBY,Libya,1960,2024,FALSE,FALSE,TRUE,TRUE,dac_recipient,NA
LCA,NA,LCA,NA,Saint Lucia,1971,2024,FALSE,FALSE,FALSE,TRUE,dac_recipient,NA
LCA,56,LCA,NA,St. Lucia,1979,2025,TRUE,FALSE,FALSE,TRUE,unga,NA
LIE,223,LIE,NA,Liechtenstein,1990,2025,TRUE,FALSE,FALSE,TRUE,unga,NA
LIE,NA,LIE,NA,Liechtenstein,2007,2024,FALSE,FALSE,FALSE,TRUE,dac_donor,NA
LKA,780,LKA,LKA,Sri Lanka,1900,2025,TRUE,FALSE,TRUE,TRUE,unga+vdem,NA
LKA,NA,LKA,LKA,Sri Lanka,1960,2024,FALSE,FALSE,TRUE,TRUE,dac_recipient,NA
LSO,570,LSO,LSO,Lesotho,1900,2025,TRUE,FALSE,TRUE,TRUE,unga+vdem,NA
LSO,NA,LSO,LSO,Lesotho,1960,2024,FALSE,FALSE,TRUE,TRUE,dac_recipient,NA
LTU,368,LTU,LTU,Lithuania,1918,2025,TRUE,TRUE,TRUE,TRUE,unga+unsc+vdem,NA
LTU,NA,LTU,LTU,Lithuania,2001,2024,FALSE,FALSE,TRUE,TRUE,dac_donor,NA
LUX,212,LUX,LUX,Luxembourg,1815,2025,TRUE,TRUE,TRUE,TRUE,unga+unsc+vdem,NA
LUX,NA,LUX,LUX,Luxembourg,1990,2024,FALSE,FALSE,TRUE,TRUE,dac_donor,NA
LVA,367,LVA,LVA,Latvia,1920,2027,TRUE,TRUE,TRUE,TRUE,unga+unsc+vdem,NA
LVA,NA,LVA,LVA,Latvia,2002,2024,FALSE,FALSE,TRUE,TRUE,dac_donor,NA
MAC,NA,MAC,NA,Macau (China),1960,1999,FALSE,FALSE,FALSE,TRUE,dac_recipient,NA
MAR,600,MAR,MAR,Morocco,1789,2025,TRUE,TRUE,TRUE,TRUE,unga+unsc+vdem,NA
MAR,NA,MAR,MAR,Morocco,1960,2024,FALSE,FALSE,TRUE,TRUE,dac_recipient,NA
MCL,280,NA,MCL,Mecklenburg Schwerin,1789,1867,FALSE,FALSE,TRUE,FALSE,vdem,NA
MCO,221,MCO,NA,Monaco,1993,2025,TRUE,FALSE,FALSE,TRUE,unga,NA
MCO,NA,MCO,NA,Monaco,2021,2024,FALSE,FALSE,FALSE,TRUE,dac_donor,NA
MDA,359,MDA,MDA,Moldova,1990,2025,TRUE,FALSE,TRUE,TRUE,unga+vdem,NA
MDA,NA,MDA,MDA,Moldova,1997,2024,FALSE,FALSE,TRUE,TRUE,dac_recipient,NA
MDG,580,MDG,MDG,Madagascar,1817,2025,TRUE,TRUE,TRUE,TRUE,unga+unsc+vdem,NA
MDG,NA,MDG,MDG,Madagascar,1960,2024,FALSE,FALSE,TRUE,TRUE,dac_recipient,NA
MDN,332,NA,MDN,Modena,1789,1859,FALSE,FALSE,TRUE,FALSE,vdem,NA
MDV,781,MDV,MDV,Maldives,1900,2025,TRUE,FALSE,TRUE,TRUE,unga+vdem,NA
MDV,NA,MDV,MDV,Maldives,1960,2024,FALSE,FALSE,TRUE,TRUE,dac_recipient,NA
MEX,70,MEX,MEX,Mexico,1789,2025,TRUE,TRUE,TRUE,TRUE,unga+unsc+vdem,NA
MEX,NA,MEX,MEX,Mexico,1960,2024,FALSE,FALSE,TRUE,TRUE,dac_recipient,NA
MHL,983,MHL,NA,Marshall Islands,1991,2025,TRUE,FALSE,FALSE,TRUE,unga,NA
MHL,NA,MHL,NA,Marshall Islands,1991,2024,FALSE,FALSE,FALSE,TRUE,dac_recipient,NA
MKD,343,MKD,MKD,North Macedonia,1991,2025,TRUE,FALSE,TRUE,TRUE,unga+vdem,NA
MKD,NA,MKD,MKD,North Macedonia,1993,2024,FALSE,FALSE,TRUE,TRUE,dac_recipient,NA
MLI,432,MLI,MLI,Mali,1900,2025,TRUE,TRUE,TRUE,TRUE,unga+unsc+vdem,NA
MLI,NA,MLI,MLI,Mali,1960,2024,FALSE,FALSE,TRUE,TRUE,dac_recipient,NA
MLT,338,MLT,MLT,Malta,1900,2025,TRUE,TRUE,TRUE,TRUE,unga+unsc+vdem,NA
MLT,NA,MLT,MLT,Malta,1960,2024,FALSE,FALSE,TRUE,TRUE,dac_donor+dac_recipient,NA
MMR,775,MMR,MMR,Myanmar (Burma),1789,2025,TRUE,FALSE,TRUE,TRUE,unga+vdem,NA
MMR,NA,MMR,MMR,Myanmar,1960,2024,FALSE,FALSE,TRUE,TRUE,dac_recipient,NA
MNE,341,MNE,MNE,Montenegro,1789,2025,TRUE,FALSE,TRUE,TRUE,unga+vdem,NA
MNE,NA,MNE,MNE,Montenegro,2002,2024,FALSE,FALSE,TRUE,TRUE,dac_recipient,NA
MNG,712,MNG,MNG,Mongolia,1911,2025,TRUE,FALSE,TRUE,TRUE,unga+vdem,NA
MNG,NA,MNG,MNG,Mongolia,1976,2024,FALSE,FALSE,TRUE,TRUE,dac_recipient,NA
MNP,NA,MNP,NA,Northern Mariana Islands,1960,1999,FALSE,FALSE,FALSE,TRUE,dac_recipient,NA
MOZ,541,MOZ,MOZ,Mozambique,1900,2025,TRUE,TRUE,TRUE,TRUE,unga+unsc+vdem,NA
MOZ,NA,MOZ,MOZ,Mozambique,1960,2024,FALSE,FALSE,TRUE,TRUE,dac_recipient,NA
MRT,435,MRT,MRT,Mauritania,1904,2025,TRUE,TRUE,TRUE,TRUE,unga+unsc+vdem,NA
MRT,NA,MRT,MRT,Mauritania,1960,2024,FALSE,FALSE,TRUE,TRUE,dac_recipient,NA
MSR,NA,MSR,NA,Montserrat,1965,2024,FALSE,FALSE,FALSE,TRUE,dac_recipient,NA
MUS,590,MUS,MUS,Mauritius,1900,2025,TRUE,TRUE,TRUE,TRUE,unga+unsc+vdem,NA
MUS,NA,MUS,MUS,Mauritius,1960,2024,FALSE,FALSE,TRUE,TRUE,dac_recipient,NA
MWI,553,MWI,MWI,Malawi,1900,2025,TRUE,FALSE,TRUE,TRUE,unga+vdem,NA
MWI,NA,MWI,MWI,Malawi,1960,2024,FALSE,FALSE,TRUE,TRUE,dac_recipient,NA
MYS,820,MYS,MYS,Malaysia,1900,2025,TRUE,TRUE,TRUE,TRUE,unga+unsc+vdem,NA
MYS,NA,MYS,MYS,Malaysia,1960,2024,FALSE,FALSE,TRUE,TRUE,dac_recipient,NA
MYT,NA,MYT,NA,Mayotte,1977,2010,FALSE,FALSE,FALSE,TRUE,dac_recipient,NA
NAM,565,NAM,NAM,Namibia,1900,2025,TRUE,TRUE,TRUE,TRUE,unga+unsc+vdem,NA
NAM,NA,NAM,NAM,Namibia,1971,2024,FALSE,FALSE,TRUE,TRUE,dac_recipient,NA
NCL,NA,NCL,NA,New Caledonia,1966,1999,FALSE,FALSE,FALSE,TRUE,dac_recipient,NA
NER,436,NER,NER,Niger,1922,2025,TRUE,TRUE,TRUE,TRUE,unga+unsc+vdem,NA
NER,NA,NER,NER,Niger,1960,2024,FALSE,FALSE,TRUE,TRUE,dac_recipient,NA
NGA,475,NGA,NGA,Nigeria,1914,2025,TRUE,TRUE,TRUE,TRUE,unga+unsc+vdem,NA
NGA,NA,NGA,NGA,Nigeria,1960,2024,FALSE,FALSE,TRUE,TRUE,dac_recipient,NA
NIC,93,NIC,NIC,Nicaragua,1838,2025,TRUE,TRUE,TRUE,TRUE,unga+unsc+vdem,NA
NIC,NA,NIC,NIC,Nicaragua,1960,2024,FALSE,FALSE,TRUE,TRUE,dac_recipient,NA
NIU,NA,NIU,NA,Niue,1972,2024,FALSE,FALSE,FALSE,TRUE,dac_recipient,NA
NLD,210,NLD,NLD,Netherlands,1789,2025,TRUE,TRUE,TRUE,TRUE,unga+unsc+vdem,NA
NLD,NA,NLD,NLD,Netherlands,1960,2024,FALSE,FALSE,TRUE,TRUE,dac_donor,NA
NOR,385,NOR,NOR,Norway,1789,2025,TRUE,TRUE,TRUE,TRUE,unga+unsc+vdem,NA
NOR,NA,NOR,NOR,Norway,1960,2024,FALSE,FALSE,TRUE,TRUE,dac_donor,NA
NPL,790,NPL,NPL,Nepal,1789,2025,TRUE,TRUE,TRUE,TRUE,unga+unsc+vdem,NA
NPL,NA,NPL,NPL,Nepal,1960,2024,FALSE,FALSE,TRUE,TRUE,dac_recipient,NA
NRU,NA,NRU,NA,Nauru,1975,2024,FALSE,FALSE,FALSE,TRUE,dac_recipient,NA
NRU,970,NRU,NA,Nauru,2000,2025,TRUE,FALSE,FALSE,TRUE,unga,NA
NSS,NA,NA,NSS,Nassau,1806,1866,FALSE,FALSE,TRUE,FALSE,vdem,NA
NZL,920,NZL,NZL,New Zealand,1841,2025,TRUE,TRUE,TRUE,TRUE,unga+unsc+vdem,NA
NZL,NA,NZL,NZL,New Zealand,1970,2024,FALSE,FALSE,TRUE,TRUE,dac_donor,NA
OLD,NA,NA,OLD,Oldenburg,1789,1867,FALSE,FALSE,TRUE,FALSE,vdem,NA
OMN,698,OMN,OMN,Oman,1789,2025,TRUE,TRUE,TRUE,TRUE,unga+unsc+vdem,NA
OMN,NA,OMN,OMN,Oman,1960,2010,FALSE,FALSE,TRUE,TRUE,dac_recipient,NA
PAK,770,PAK,PAK,Pakistan,1947,2026,TRUE,TRUE,TRUE,TRUE,unga+unsc+vdem,NA
PAK,NA,PAK,PAK,Pakistan,1960,2024,FALSE,FALSE,TRUE,TRUE,dac_recipient,NA
PAN,95,PAN,PAN,Panama,1903,2026,TRUE,TRUE,TRUE,TRUE,unga+unsc+vdem,NA
PAN,NA,PAN,PAN,Panama,1960,2024,FALSE,FALSE,TRUE,TRUE,dac_recipient,NA
PER,135,PER,PER,Peru,1789,2025,TRUE,TRUE,TRUE,TRUE,unga+unsc+vdem,NA
PER,NA,PER,PER,Peru,1960,2024,FALSE,FALSE,TRUE,TRUE,dac_recipient,NA
PHL,840,PHL,PHL,Philippines,1900,2025,TRUE,TRUE,TRUE,TRUE,unga+unsc+vdem,NA
PHL,NA,PHL,PHL,Philippines,1960,2024,FALSE,FALSE,TRUE,TRUE,dac_recipient,NA
PLW,NA,PLW,NA,Palau,1992,2024,FALSE,FALSE,FALSE,TRUE,dac_recipient,NA
PLW,986,PLW,NA,Palau,1995,2025,TRUE,FALSE,FALSE,TRUE,unga,NA
PNG,910,PNG,PNG,Papua New Guinea,1900,2025,TRUE,FALSE,TRUE,TRUE,unga+vdem,NA
PNG,NA,PNG,PNG,Papua New Guinea,1960,2024,FALSE,FALSE,TRUE,TRUE,dac_recipient,NA
POL,290,POL,POL,Poland,1789,2025,TRUE,TRUE,TRUE,TRUE,unga+unsc+vdem,NA
POL,NA,POL,POL,Poland,1975,2024,FALSE,FALSE,TRUE,TRUE,dac_donor,NA
PPS,327,NA,PPS,Papal States,1789,1860,FALSE,FALSE,TRUE,FALSE,vdem,NA
PPS,NA,NA,PPS,Papal States,1861,1870,FALSE,FALSE,TRUE,FALSE,vdem,NA
PRK,731,PRK,PRK,North Korea,1945,2025,TRUE,FALSE,TRUE,TRUE,unga+vdem,NA
PRK,NA,PRK,PRK,Democratic People’s Republic of Korea,1978,2024,FALSE,FALSE,TRUE,TRUE,dac_recipient,NA
PRM,335,NA,PRM,Parma,1789,1859,FALSE,FALSE,TRUE,FALSE,vdem,NA
PRT,235,PRT,PRT,Portugal,1789,2028,TRUE,TRUE,TRUE,TRUE,unga+unsc+vdem,NA
PRT,NA,PRT,PRT,Portugal,1960,2024,FALSE,FALSE,TRUE,TRUE,dac_donor,NA
PRY,150,PRY,PRY,Paraguay,1811,2025,TRUE,FALSE,TRUE,TRUE,unga+vdem,NA
PRY,NA,PRY,PRY,Paraguay,1960,2024,FALSE,FALSE,TRUE,TRUE,dac_recipient,NA
PSB,NA,NA,PSB,Palestine/British Mandate,1918,1948,FALSE,FALSE,TRUE,FALSE,vdem,NA
PSE,NA,PSE,PSE,Palestine/West Bank,1948,2024,FALSE,FALSE,TRUE,TRUE,dac_recipient+vdem,NA
PSG,NA,NA,PSG,Palestine/Gaza,1948,2024,FALSE,FALSE,TRUE,FALSE,vdem,NA
PYF,NA,PYF,NA,French Polynesia,1966,1999,FALSE,FALSE,FALSE,TRUE,dac_recipient,NA
QAT,694,QAT,QAT,Qatar,1900,2025,TRUE,TRUE,TRUE,TRUE,unga+unsc+vdem,NA
QAT,NA,QAT,QAT,Qatar,1963,2024,FALSE,FALSE,TRUE,TRUE,dac_donor+dac_recipient,NA
ROU,360,ROU,ROU,Romania,1789,2025,TRUE,TRUE,TRUE,TRUE,unga+unsc+vdem,NA
ROU,NA,ROU,ROU,Romania,2008,2024,FALSE,FALSE,TRUE,TRUE,dac_donor,NA
RUS,365,NA,RUS,Russia,1789,2025,TRUE,FALSE,TRUE,FALSE,unga+vdem,NA
RWA,517,RWA,RWA,Rwanda,1916,2025,TRUE,TRUE,TRUE,TRUE,unga+unsc+vdem,NA
RWA,NA,RWA,RWA,Rwanda,1960,2024,FALSE,FALSE,TRUE,TRUE,dac_recipient,NA
SAU,670,SAU,SAU,Saudi Arabia,1789,2025,TRUE,FALSE,TRUE,TRUE,unga+vdem,NA
SAU,NA,SAU,SAU,Saudi Arabia,1960,2024,FALSE,FALSE,TRUE,TRUE,dac_donor+dac_recipient,NA
SAX,NA,NA,SAX,Saxe-Weimar-Eisenach,1809,1867,FALSE,FALSE,TRUE,FALSE,vdem,NA
SDN,625,SDN,SDN,Sudan,1900,2025,TRUE,TRUE,TRUE,TRUE,unga+unsc+vdem,NA
SDN,NA,SDN,SDN,Sudan,1960,2024,FALSE,FALSE,TRUE,TRUE,dac_recipient,NA
SEN,433,SEN,SEN,Senegal,1904,2025,TRUE,TRUE,TRUE,TRUE,unga+unsc+vdem,NA
SEN,NA,SEN,SEN,Senegal,1960,2024,FALSE,FALSE,TRUE,TRUE,dac_recipient,NA
SGP,830,SGP,SGP,Singapore,1867,2025,TRUE,TRUE,TRUE,TRUE,unga+unsc+vdem,NA
SGP,NA,SGP,SGP,Singapore,1960,1995,FALSE,FALSE,TRUE,TRUE,dac_recipient,NA
SHN,NA,SHN,NA,Saint Helena,1960,2024,FALSE,FALSE,FALSE,TRUE,dac_recipient,NA
SLB,940,SLB,SLB,Solomon Islands,1900,2025,TRUE,FALSE,TRUE,TRUE,unga+vdem,NA
SLB,NA,SLB,SLB,Solomon Islands,1960,2024,FALSE,FALSE,TRUE,TRUE,dac_recipient,NA
SLE,451,SLE,SLE,Sierra Leone,1900,2025,TRUE,TRUE,TRUE,TRUE,unga+unsc+vdem,NA
SLE,NA,SLE,SLE,Sierra Leone,1960,2024,FALSE,FALSE,TRUE,TRUE,dac_recipient,NA
SLV,92,SLV,SLV,El Salvador,1838,2025,TRUE,FALSE,TRUE,TRUE,unga+vdem,NA
SLV,NA,SLV,SLV,El Salvador,1960,2024,FALSE,FALSE,TRUE,TRUE,dac_recipient,NA
SML,NA,NA,SML,Somaliland,1900,2024,FALSE,FALSE,TRUE,FALSE,vdem,NA
SMR,331,NA,NA,San Marino,1992,2025,TRUE,FALSE,FALSE,FALSE,unga,NA
SOM,520,SOM,SOM,Somalia,1900,2026,TRUE,TRUE,TRUE,TRUE,unga+unsc+vdem,NA
SOM,NA,SOM,SOM,Somalia,1960,2024,FALSE,FALSE,TRUE,TRUE,dac_recipient,NA
SPD,NA,NA,SPD,Piedmont-Sardinia,1789,1861,FALSE,FALSE,TRUE,FALSE,vdem,NA
SRB,345,SRB,SRB,Serbia,1804,2024,FALSE,FALSE,TRUE,TRUE,vdem,Serbia; COW 345 shared with YUG. V-Dem's label for the whole 345 series.
SRB,NA,SRB,SRB,Serbia,1994,2024,FALSE,FALSE,TRUE,TRUE,dac_recipient,Serbia; COW 345 shared with YUG. V-Dem's label for the whole 345 series.
SSD,626,SSD,SSD,South Sudan,2011,2025,TRUE,FALSE,TRUE,TRUE,unga+vdem,South Sudan; seceded from SDN 2011.
SSD,NA,SSD,SSD,South Sudan,2011,2024,FALSE,FALSE,TRUE,TRUE,dac_recipient,South Sudan; seceded from SDN 2011.
STP,403,STP,STP,São Tomé & Príncipe,1900,2025,TRUE,FALSE,TRUE,TRUE,unga+vdem,NA
STP,NA,STP,STP,Sao Tome and Principe,1960,2024,FALSE,FALSE,TRUE,TRUE,dac_recipient,NA
SUR,115,SUR,SUR,Suriname,1900,2025,TRUE,FALSE,TRUE,TRUE,unga+vdem,NA
SUR,NA,SUR,SUR,Suriname,1960,2024,FALSE,FALSE,TRUE,TRUE,dac_recipient,NA
SVK,317,SVK,SVK,Slovakia,1939,2025,TRUE,TRUE,TRUE,TRUE,unga+unsc+vdem,NA
SVK,NA,SVK,SVK,Slovak Republic,1999,2024,FALSE,FALSE,TRUE,TRUE,dac_donor,NA
SVN,349,SVN,SVN,Slovenia,1989,2025,TRUE,TRUE,TRUE,TRUE,unga+unsc+vdem,NA
SVN,NA,SVN,SVN,Slovenia,1993,2024,FALSE,FALSE,TRUE,TRUE,dac_donor+dac_recipient,NA
SWE,380,SWE,SWE,Sweden,1789,2025,TRUE,TRUE,TRUE,TRUE,unga+unsc+vdem,NA
SWE,NA,SWE,SWE,Sweden,1960,2024,FALSE,FALSE,TRUE,TRUE,dac_donor,NA
SWZ,572,SWZ,SWZ,Eswatini,1900,2025,TRUE,FALSE,TRUE,TRUE,unga+vdem,NA
SWZ,NA,SWZ,SWZ,Eswatini,1960,2024,FALSE,FALSE,TRUE,TRUE,dac_recipient,NA
SXM,NA,SXM,NA,Sint Maarten,1960,1999,FALSE,FALSE,FALSE,TRUE,dac_recipient,NA
SXN,269,NA,SXN,Saxony,1789,1867,FALSE,FALSE,TRUE,FALSE,vdem,NA
SYC,591,SYC,SYC,Seychelles,1903,2025,TRUE,FALSE,TRUE,TRUE,unga+vdem,NA
SYC,NA,SYC,SYC,Seychelles,1960,2017,FALSE,FALSE,TRUE,TRUE,dac_recipient,NA
SYR,652,SYR,SYR,Syria,1918,2025,TRUE,TRUE,TRUE,TRUE,unga+unsc+vdem,NA
SYR,NA,SYR,SYR,Syrian Arab Republic,1960,2024,FALSE,FALSE,TRUE,TRUE,dac_recipient,NA
TCA,NA,TCA,NA,Turks and Caicos Islands,1972,2007,FALSE,FALSE,FALSE,TRUE,dac_recipient,NA
TCD,483,TCD,TCD,Chad,1920,2025,TRUE,TRUE,TRUE,TRUE,unga+unsc+vdem,NA
TCD,NA,TCD,TCD,Chad,1960,2024,FALSE,FALSE,TRUE,TRUE,dac_recipient,NA
TGO,461,TGO,TGO,Togo,1916,2025,TRUE,TRUE,TRUE,TRUE,unga+unsc+vdem,NA
TGO,NA,TGO,TGO,Togo,1960,2024,FALSE,FALSE,TRUE,TRUE,dac_recipient,NA
THA,800,THA,THA,Thailand,1789,2025,TRUE,TRUE,TRUE,TRUE,unga+unsc+vdem,NA
THA,NA,THA,THA,Thailand,1960,2024,FALSE,FALSE,TRUE,TRUE,dac_donor+dac_recipient,NA
TJK,702,TJK,TJK,Tajikistan,1990,2025,TRUE,FALSE,TRUE,TRUE,unga+vdem,NA
TJK,NA,TJK,TJK,Tajikistan,1992,2024,FALSE,FALSE,TRUE,TRUE,dac_recipient,NA
TKL,NA,TKL,NA,Tokelau,1972,2024,FALSE,FALSE,FALSE,TRUE,dac_recipient,NA
TKM,701,TKM,TKM,Turkmenistan,1990,2025,TRUE,FALSE,TRUE,TRUE,unga+vdem,NA
TKM,NA,TKM,TKM,Turkmenistan,1992,2024,FALSE,FALSE,TRUE,TRUE,dac_recipient,NA
TLS,860,TLS,TLS,Timor-Leste,1900,2025,TRUE,FALSE,TRUE,TRUE,unga+vdem,NA
TLS,NA,TLS,TLS,Timor-Leste,1961,2024,FALSE,FALSE,TRUE,TRUE,dac_donor+dac_recipient,NA
TON,NA,TON,NA,Tonga,1960,2024,FALSE,FALSE,FALSE,TRUE,dac_recipient,NA
TON,955,TON,NA,Tonga,2000,2025,TRUE,FALSE,FALSE,TRUE,unga,NA
TSC,337,NA,TSC,Tuscany,1789,1860,FALSE,FALSE,TRUE,FALSE,vdem,NA
TSC,NA,NA,TSC,Tuscany,1861,1861,FALSE,FALSE,TRUE,FALSE,vdem,NA
TTO,52,TTO,TTO,Trinidad & Tobago,1900,2028,TRUE,TRUE,TRUE,TRUE,unga+unsc+vdem,NA
TTO,NA,TTO,TTO,Trinidad and Tobago,1961,2010,FALSE,FALSE,TRUE,TRUE,dac_recipient,NA
TUN,616,TUN,TUN,Tunisia,1789,2025,TRUE,TRUE,TRUE,TRUE,unga+unsc+vdem,NA
TUN,NA,TUN,TUN,Tunisia,1960,2024,FALSE,FALSE,TRUE,TRUE,dac_recipient,NA
TUR,640,TUR,TUR,Turkey,1789,2024,TRUE,TRUE,TRUE,TRUE,unga+unsc+vdem,NA
TUR,NA,TUR,TUR,Türkiye,1960,2024,FALSE,FALSE,TRUE,TRUE,dac_donor+dac_recipient,NA
TUV,NA,TUV,NA,Tuvalu,1975,2024,FALSE,FALSE,FALSE,TRUE,dac_recipient,NA
TUV,947,TUV,NA,Tuvalu,2000,2025,TRUE,FALSE,FALSE,TRUE,unga,NA
TWN,713,TWN,TWN,Taiwan,1900,2024,TRUE,FALSE,TRUE,TRUE,unga+vdem,NA
TWN,NA,TWN,TWN,Chinese Taipei,1960,2023,FALSE,FALSE,TRUE,TRUE,dac_donor+dac_recipient,NA
TWS,329,NA,TWS,Two Sicilies,1789,1860,FALSE,FALSE,TRUE,FALSE,vdem,NA
TZA,510,TZA,TZA,Tanzania,1914,2025,TRUE,TRUE,TRUE,TRUE,unga+unsc+vdem,NA
TZA,NA,TZA,TZA,Tanzania,1960,2024,FALSE,FALSE,TRUE,TRUE,dac_recipient,NA
UGA,500,UGA,UGA,Uganda,1900,2025,TRUE,TRUE,TRUE,TRUE,unga+unsc+vdem,NA
UGA,NA,UGA,UGA,Uganda,1960,2024,FALSE,FALSE,TRUE,TRUE,dac_recipient,NA
UKR,369,UKR,UKR,Ukraine,1946,2025,TRUE,TRUE,TRUE,TRUE,unga+unsc+vdem,NA
UKR,NA,UKR,UKR,Ukraine,2005,2024,FALSE,FALSE,TRUE,TRUE,dac_recipient,NA
URY,165,URY,URY,Uruguay,1825,2025,TRUE,TRUE,TRUE,TRUE,unga+unsc+vdem,NA
URY,NA,URY,URY,Uruguay,1960,2017,FALSE,FALSE,TRUE,TRUE,dac_recipient,NA
USA,2,USA,USA,United States,1789,2025,TRUE,FALSE,TRUE,TRUE,unga+vdem,NA
USA,NA,USA,USA,United States,1960,2024,FALSE,FALSE,TRUE,TRUE,dac_donor,NA
UZB,704,UZB,UZB,Uzbekistan,1789,2025,TRUE,FALSE,TRUE,TRUE,unga+vdem,NA
UZB,NA,UZB,UZB,Uzbekistan,1992,2024,FALSE,FALSE,TRUE,TRUE,dac_recipient,NA
VCT,NA,VCT,NA,Saint Vincent and the Grenadines,1971,2024,FALSE,FALSE,FALSE,TRUE,dac_recipient,NA
VCT,57,VCT,NA,St. Vincent & Grenadines,1981,2025,TRUE,TRUE,FALSE,TRUE,unga+unsc,NA
VDR,817,NA,VDR,Republic of Vietnam,1802,1975,FALSE,FALSE,TRUE,FALSE,vdem,NA
VEN,101,VEN,VEN,Venezuela,1789,2024,TRUE,TRUE,TRUE,TRUE,unga+unsc+vdem,NA
VEN,NA,VEN,VEN,Venezuela,1960,2024,FALSE,FALSE,TRUE,TRUE,dac_recipient,NA
VGB,NA,VGB,NA,British Virgin Islands,1960,1999,FALSE,FALSE,FALSE,TRUE,dac_recipient,NA
VNM,816,VNM,VNM,Vietnam,1945,2025,TRUE,TRUE,TRUE,TRUE,unga+unsc+vdem,NA
VNM,NA,VNM,VNM,Viet Nam,1960,2024,FALSE,FALSE,TRUE,TRUE,dac_recipient,NA
VUT,935,VUT,VUT,Vanuatu,1900,2025,TRUE,FALSE,TRUE,TRUE,unga+vdem,NA
VUT,NA,VUT,VUT,Vanuatu,1960,2024,FALSE,FALSE,TRUE,TRUE,dac_recipient,NA
WLF,NA,WLF,NA,Wallis and Futuna,1968,2024,FALSE,FALSE,FALSE,TRUE,dac_recipient,NA
WRG,271,NA,WRG,Würtemberg,1789,1871,FALSE,FALSE,TRUE,FALSE,vdem,NA
WSM,NA,WSM,NA,Samoa,1961,2024,FALSE,FALSE,FALSE,TRUE,dac_recipient,NA
WSM,990,WSM,NA,Samoa,1977,2025,TRUE,FALSE,FALSE,TRUE,unga,NA
XKV,NA,XKV,NA,Kosovo,2009,2024,FALSE,FALSE,FALSE,TRUE,dac_recipient,NA
XKX,347,NA,XKX,Kosovo,1999,2024,FALSE,FALSE,TRUE,FALSE,vdem,NA
YAR,678,NA,YEM,Yemen Arab Republic,1947,1989,TRUE,FALSE,TRUE,FALSE,unga,Yemen Arab Republic (North); COW 678 shared with YEM. Unified 1990 -> YEM.
YEM,678,YEM,YEM,Yemen,1789,1989,FALSE,FALSE,TRUE,TRUE,vdem,NA
YEM,NA,YEM,YEM,Yemen,1960,2024,FALSE,FALSE,TRUE,TRUE,dac_recipient,NA
YEM,679,YEM,YEM,Yemen,1990,2025,TRUE,TRUE,TRUE,TRUE,unga+unsc+vdem,NA
YMD,680,NA,YMD,Yemen People's Republic,1900,1990,TRUE,FALSE,TRUE,FALSE,unga+vdem,People's Democratic Republic of Yemen (South); unified 1990 -> YEM.
YUG,345,NA,SRB,Yugoslavia,1946,2025,TRUE,TRUE,TRUE,FALSE,unga+unsc,SFR Yugoslavia; COW 345 shared with SRB. V-Dem alias SRB. FRY suspended from UNGA 1992-2000.
ZAF,560,ZAF,ZAF,South Africa,1900,2025,TRUE,TRUE,TRUE,TRUE,unga+unsc+vdem,NA
ZAF,NA,ZAF,ZAF,South Africa,1993,2024,FALSE,FALSE,TRUE,TRUE,dac_recipient,NA
ZMB,551,ZMB,ZMB,Zambia,1911,2025,TRUE,TRUE,TRUE,TRUE,unga+unsc+vdem,NA
ZMB,NA,ZMB,ZMB,Zambia,1960,2024,FALSE,FALSE,TRUE,TRUE,dac_recipient,NA
ZWE,552,ZWE,ZWE,Zimbabwe,1900,2028,TRUE,TRUE,TRUE,TRUE,unga+unsc+vdem,NA
ZWE,NA,ZWE,ZWE,Zimbabwe,1961,2024,FALSE,FALSE,TRUE,TRUE,dac_recipient,NA
ZZB,511,NA,ZZB,Zanzibar,1856,1964,FALSE,FALSE,TRUE,FALSE,vdem,NA
ZZB,NA,NA,ZZB,Zanzibar,1965,2024,FALSE,FALSE,TRUE,FALSE,vdem,NA
