"wave","question_id","harmonized_name","section","stem_text","item_text","response_scale","notes"
"w2","q1001","age","Demographics","","How old are you?","Age in years","Text sourced from W1 questionnaire PDF (ABI_Questionnaire_ENG.pdf) and W2 SPSS variable labels"
"w3","q1001","age","Demographics","","How old are you?","Age in years","Text sourced from W1 questionnaire PDF (ABI_Questionnaire_ENG.pdf) and W2 SPSS variable labels"
"w4","q1001","age","Demographics","","How old are you?","Age in years","Text sourced from W1 questionnaire PDF (ABI_Questionnaire_ENG.pdf) and W2 SPSS variable labels"
"w5","Q1001","age","Demographics","","How old are you?","Age in years","Text sourced from W1 questionnaire PDF and W5 SPSS variable labels (ArabBarometer_WaveV_English_v2.sav)"
"w7","Q1001","age","Demographics","","How old are you?","Age in years","Text sourced from W1 questionnaire PDF and W7 SPSS variable labels (AB7_ENG_Release_Version6.sav)"
"w8","Q1001","age","Demographics","","How old are you?","Age in years","Text sourced from W1 questionnaire PDF and W8 SPSS variable labels (ArabBarometer_WaveVIII_English_v3.sav)"
"w2","q1001","age_cohort","Demographics","","How old are you? (recoded to cohorts)","1=18-29; 2=30-39; 3=40-49; 4=50-59; 5=60+","Text sourced from W1 questionnaire PDF (ABI_Questionnaire_ENG.pdf) and W2 SPSS variable labels"
"w3","q1001","age_cohort","Demographics","","How old are you? (recoded to cohorts)","1=18-29; 2=30-39; 3=40-49; 4=50-59; 5=60+","Text sourced from W1 questionnaire PDF (ABI_Questionnaire_ENG.pdf) and W2 SPSS variable labels"
"w4","q1001","age_cohort","Demographics","","How old are you? (recoded to cohorts)","1=18-29; 2=30-39; 3=40-49; 4=50-59; 5=60+","Text sourced from W1 questionnaire PDF (ABI_Questionnaire_ENG.pdf) and W2 SPSS variable labels"
"w5","Q1001","age_cohort","Demographics","","How old are you? (recoded to cohorts)","1=18-29; 2=30-39; 3=40-49; 4=50-59; 5=60+","Text sourced from W1 questionnaire PDF and W5 SPSS variable labels (ArabBarometer_WaveV_English_v2.sav)"
"w7","Q1001","age_cohort","Demographics","","How old are you? (recoded to cohorts)","1=18-29; 2=30-39; 3=40-49; 4=50-59; 5=60+","Text sourced from W1 questionnaire PDF and W7 SPSS variable labels (AB7_ENG_Release_Version6.sav)"
"w8","Q1001","age_cohort","Demographics","","How old are you? (recoded to cohorts)","1=18-29; 2=30-39; 3=40-49; 4=50-59; 5=60+","Text sourced from W1 questionnaire PDF and W8 SPSS variable labels (ArabBarometer_WaveVIII_English_v3.sav)"
"w2","q210","corruption_extent","Corruption","","To what extent do you think that there is corruption within the national state agencies and institutions in your country?","1=To a large extent; 2=To a medium extent; 3=To a small extent; 4=Not at all; 98=Don't know; 99=Refused","Text sourced from W1 questionnaire PDF (ABI_Questionnaire_ENG.pdf) and W2 SPSS variable labels"
"w3","q210","corruption_extent","Corruption","","To what extent do you think that there is corruption within the national state agencies and institutions in your country?","1=To a large extent; 2=To a medium extent; 3=To a small extent; 4=Not at all; 98=Don't know; 99=Refused","Text sourced from W1 questionnaire PDF (ABI_Questionnaire_ENG.pdf) and W2 SPSS variable labels"
"w4","q210","corruption_extent","Corruption","","To what extent do you think that there is corruption within the national state agencies and institutions in your country?","1=To a large extent; 2=To a medium extent; 3=To a small extent; 4=Not at all; 98=Don't know; 99=Refused","Text sourced from W1 questionnaire PDF (ABI_Questionnaire_ENG.pdf) and W2 SPSS variable labels"
"w5","Q210","corruption_extent","Corruption","","To what extent do you think that there is corruption within the national state agencies and institutions in your country?","1=To a large extent; 2=To a medium extent; 3=To a small extent; 4=Not at all; 98=Don't know; 99=Refused","Text sourced from W1 questionnaire PDF and W5 SPSS variable labels (ArabBarometer_WaveV_English_v2.sav)"
"w7","Q210","corruption_extent","Corruption","","To what extent do you think that there is corruption within the national state agencies and institutions in your country?","1=To a large extent; 2=To a medium extent; 3=To a small extent; 4=Not at all; 98=Don't know; 99=Refused","Text sourced from W1 questionnaire PDF and W7 SPSS variable labels (AB7_ENG_Release_Version6.sav)"
"w8","Q210","corruption_extent","Corruption","","To what extent do you think that there is corruption within the national state agencies and institutions in your country?","1=To a large extent; 2=To a medium extent; 3=To a small extent; 4=Not at all; 98=Don't know; 99=Refused","Text sourced from W1 questionnaire PDF and W8 SPSS variable labels (ArabBarometer_WaveVIII_English_v3.sav)"
"w2","q211","corruption_govt_action","Corruption","","In your opinion, to what extent is the government working to crackdown on / eliminate corruption in your country?","1=To a great extent; 2=To a medium extent; 3=To a limited extent; 4=Not at all; 98=Don't know; 99=Refused","Text sourced from W1 questionnaire PDF (ABI_Questionnaire_ENG.pdf) and W2 SPSS variable labels"
"w3","q211","corruption_govt_action","Corruption","","In your opinion, to what extent is the government working to crackdown on / eliminate corruption in your country?","1=To a great extent; 2=To a medium extent; 3=To a limited extent; 4=Not at all; 98=Don't know; 99=Refused","Text sourced from W1 questionnaire PDF (ABI_Questionnaire_ENG.pdf) and W2 SPSS variable labels"
"w4","","corruption_govt_action","Corruption","","In your opinion, to what extent is the government working to crackdown on / eliminate corruption in your country?","1=To a great extent; 2=To a medium extent; 3=To a limited extent; 4=Not at all; 98=Don't know; 99=Refused","Not included in this wave"
"w5","Q211","corruption_govt_action","Corruption","","In your opinion, to what extent is the government working to crackdown on / eliminate corruption in your country?","1=To a great extent; 2=To a medium extent; 3=To a limited extent; 4=Not at all; 98=Don't know; 99=Refused","Text sourced from W1 questionnaire PDF and W5 SPSS variable labels (ArabBarometer_WaveV_English_v2.sav)"
"w7","Q211_1","corruption_govt_action","Corruption","","In your opinion, to what extent is the government working to crackdown on / eliminate corruption in your country?","1=To a great extent; 2=To a medium extent; 3=To a limited extent; 4=Not at all; 98=Don't know; 99=Refused","Text sourced from W1 questionnaire PDF and W7 SPSS variable labels (AB7_ENG_Release_Version6.sav)"
"w8","Q211_2","corruption_govt_action","Corruption","","In your opinion, to what extent is the government working to crackdown on / eliminate corruption in your country?","1=To a great extent; 2=To a medium extent; 3=To a limited extent; 4=Not at all; 98=Don't know; 99=Refused","Text sourced from W1 questionnaire PDF and W8 SPSS variable labels (ArabBarometer_WaveVIII_English_v3.sav)"
"w2","","corruption_local","Corruption","","How widespread do you think corruption is in your governorate / local government / municipality?","1=Hardly anyone; 2=Not a lot; 3=Most; 4=Almost everyone; 98=Don't know; 99=Refused","Not included in this wave"
"w3","","corruption_local","Corruption","","How widespread do you think corruption is in your governorate / local government / municipality?","1=Hardly anyone; 2=Not a lot; 3=Most; 4=Almost everyone; 98=Don't know; 99=Refused","Not included in this wave"
"w4","","corruption_local","Corruption","","How widespread do you think corruption is in your governorate / local government / municipality?","1=Hardly anyone; 2=Not a lot; 3=Most; 4=Almost everyone; 98=Don't know; 99=Refused","Not included in this wave"
"w5","Q211A","corruption_local","Corruption","","How widespread do you think corruption is in your governorate / local government / municipality?","1=Hardly anyone; 2=Not a lot; 3=Most; 4=Almost everyone; 98=Don't know; 99=Refused","Text sourced from W1 questionnaire PDF and W5 SPSS variable labels (ArabBarometer_WaveV_English_v2.sav)"
"w7","Q211B","corruption_local","Corruption","","How widespread do you think corruption is in your governorate / local government / municipality?","1=Hardly anyone; 2=Not a lot; 3=Most; 4=Almost everyone; 98=Don't know; 99=Refused","Text sourced from W1 questionnaire PDF and W7 SPSS variable labels (AB7_ENG_Release_Version6.sav)"
"w8","Q211B","corruption_local","Corruption","","How widespread do you think corruption is in your governorate / local government / municipality?","1=Hardly anyone; 2=Not a lot; 3=Most; 4=Almost everyone; 98=Don't know; 99=Refused","Text sourced from W1 questionnaire PDF and W8 SPSS variable labels (ArabBarometer_WaveVIII_English_v3.sav)"
"w2","te210","corruption_trend","Corruption","","Do you think that the corruption in the state's institutions and agencies is now...","1=More serious than before; 2=Similar; 3=Less serious than before","Text sourced from W1 questionnaire PDF (ABI_Questionnaire_ENG.pdf) and W2 SPSS variable labels"
"w3","q210a","corruption_trend","Corruption","","Do you think that the corruption in the state's institutions and agencies is now...","1=More serious than before; 2=Similar; 3=Less serious than before","Text sourced from W1 questionnaire PDF (ABI_Questionnaire_ENG.pdf) and W2 SPSS variable labels"
"w4","","corruption_trend","Corruption","","Do you think that the corruption in the state's institutions and agencies is now...","1=More serious than before; 2=Similar; 3=Less serious than before","Not included in this wave"
"w5","","corruption_trend","Corruption","","Do you think that the corruption in the state's institutions and agencies is now...","1=More serious than before; 2=Similar; 3=Less serious than before","Not included in this wave"
"w7","","corruption_trend","Corruption","","Do you think that the corruption in the state's institutions and agencies is now...","1=More serious than before; 2=Similar; 3=Less serious than before","Not included in this wave"
"w8","","corruption_trend","Corruption","","Do you think that the corruption in the state's institutions and agencies is now...","1=More serious than before; 2=Similar; 3=Less serious than before","Not included in this wave"
"w2","q5164","dem_best_system","Democracy Critiques","How much do you agree or disagree with the following statements?","Democratic systems may have problems, yet they are better than other systems.","Raw: 1=Strongly agree; 2=Agree; 3=Disagree; 4=Strongly disagree. REVERSED in harmonization: higher=more pro-democracy","Text sourced from W1 questionnaire PDF (ABI_Questionnaire_ENG.pdf) and W2 SPSS variable labels"
"w3","q5164","dem_best_system","Democracy Critiques","How much do you agree or disagree with the following statements?","Democratic systems may have problems, yet they are better than other systems.","Raw: 1=Strongly agree; 2=Agree; 3=Disagree; 4=Strongly disagree. REVERSED in harmonization: higher=more pro-democracy","Text sourced from W1 questionnaire PDF (ABI_Questionnaire_ENG.pdf) and W2 SPSS variable labels"
"w4","q5164","dem_best_system","Democracy Critiques","How much do you agree or disagree with the following statements?","Democratic systems may have problems, yet they are better than other systems.","Raw: 1=Strongly agree; 2=Agree; 3=Disagree; 4=Strongly disagree. REVERSED in harmonization: higher=more pro-democracy","Text sourced from W1 questionnaire PDF (ABI_Questionnaire_ENG.pdf) and W2 SPSS variable labels"
"w5","Q516_4","dem_best_system","Democracy Critiques","How much do you agree or disagree with the following statements?","Democratic systems may have problems, yet they are better than other systems.","Raw: 1=Strongly agree; 2=Agree; 3=Disagree; 4=Strongly disagree. REVERSED in harmonization: higher=more pro-democracy","Text sourced from W1 questionnaire PDF and W5 SPSS variable labels (ArabBarometer_WaveV_English_v2.sav)"
"w7","Q516_4","dem_best_system","Democracy Critiques","How much do you agree or disagree with the following statements?","Democratic systems may have problems, yet they are better than other systems.","Raw: 1=Strongly agree; 2=Agree; 3=Disagree; 4=Strongly disagree. REVERSED in harmonization: higher=more pro-democracy","Text sourced from W1 questionnaire PDF and W7 SPSS variable labels (AB7_ENG_Release_Version6.sav)"
"w8","Q516_4","dem_best_system","Democracy Critiques","How much do you agree or disagree with the following statements?","Democratic systems may have problems, yet they are better than other systems.","Raw: 1=Strongly agree; 2=Agree; 3=Disagree; 4=Strongly disagree. REVERSED in harmonization: higher=more pro-democracy","Text sourced from W1 questionnaire PDF and W8 SPSS variable labels (ArabBarometer_WaveVIII_English_v3.sav)"
"w2","q5161","dem_critique_economy","Democracy Critiques","How much do you agree or disagree with the following statements?","Under a democratic system, the country's economic performance is weak.","1=Strongly agree; 2=Agree; 3=Disagree; 4=Strongly disagree; 98=Don't know; 99=Refused","Text sourced from W1 questionnaire PDF (ABI_Questionnaire_ENG.pdf) and W2 SPSS variable labels"
"w3","q5161","dem_critique_economy","Democracy Critiques","How much do you agree or disagree with the following statements?","Under a democratic system, the country's economic performance is weak.","1=Strongly agree; 2=Agree; 3=Disagree; 4=Strongly disagree; 98=Don't know; 99=Refused","Text sourced from W1 questionnaire PDF (ABI_Questionnaire_ENG.pdf) and W2 SPSS variable labels"
"w4","q5161","dem_critique_economy","Democracy Critiques","How much do you agree or disagree with the following statements?","Under a democratic system, the country's economic performance is weak.","1=Strongly agree; 2=Agree; 3=Disagree; 4=Strongly disagree; 98=Don't know; 99=Refused","Text sourced from W1 questionnaire PDF (ABI_Questionnaire_ENG.pdf) and W2 SPSS variable labels"
"w5","Q516_1","dem_critique_economy","Democracy Critiques","How much do you agree or disagree with the following statements?","Under a democratic system, the country's economic performance is weak.","1=Strongly agree; 2=Agree; 3=Disagree; 4=Strongly disagree; 98=Don't know; 99=Refused","Text sourced from W1 questionnaire PDF and W5 SPSS variable labels (ArabBarometer_WaveV_English_v2.sav)"
"w7","Q516_1","dem_critique_economy","Democracy Critiques","How much do you agree or disagree with the following statements?","Under a democratic system, the country's economic performance is weak.","1=Strongly agree; 2=Agree; 3=Disagree; 4=Strongly disagree; 98=Don't know; 99=Refused","Text sourced from W1 questionnaire PDF and W7 SPSS variable labels (AB7_ENG_Release_Version6.sav)"
"w8","Q516_1","dem_critique_economy","Democracy Critiques","How much do you agree or disagree with the following statements?","Under a democratic system, the country's economic performance is weak.","1=Strongly agree; 2=Agree; 3=Disagree; 4=Strongly disagree; 98=Don't know; 99=Refused","Text sourced from W1 questionnaire PDF and W8 SPSS variable labels (ArabBarometer_WaveVIII_English_v3.sav)"
"w2","q5162","dem_critique_indecisive","Democracy Critiques","How much do you agree or disagree with the following statements?","Democratic regimes are indecisive and full of problems.","1=Strongly agree; 2=Agree; 3=Disagree; 4=Strongly disagree; 98=Don't know; 99=Refused","Text sourced from W1 questionnaire PDF (ABI_Questionnaire_ENG.pdf) and W2 SPSS variable labels"
"w3","q5162","dem_critique_indecisive","Democracy Critiques","How much do you agree or disagree with the following statements?","Democratic regimes are indecisive and full of problems.","1=Strongly agree; 2=Agree; 3=Disagree; 4=Strongly disagree; 98=Don't know; 99=Refused","Text sourced from W1 questionnaire PDF (ABI_Questionnaire_ENG.pdf) and W2 SPSS variable labels"
"w4","q5162","dem_critique_indecisive","Democracy Critiques","How much do you agree or disagree with the following statements?","Democratic regimes are indecisive and full of problems.","1=Strongly agree; 2=Agree; 3=Disagree; 4=Strongly disagree; 98=Don't know; 99=Refused","Text sourced from W1 questionnaire PDF (ABI_Questionnaire_ENG.pdf) and W2 SPSS variable labels"
"w5","Q516_2","dem_critique_indecisive","Democracy Critiques","How much do you agree or disagree with the following statements?","Democratic regimes are indecisive and full of problems.","1=Strongly agree; 2=Agree; 3=Disagree; 4=Strongly disagree; 98=Don't know; 99=Refused","Text sourced from W1 questionnaire PDF and W5 SPSS variable labels (ArabBarometer_WaveV_English_v2.sav)"
"w7","Q516_2","dem_critique_indecisive","Democracy Critiques","How much do you agree or disagree with the following statements?","Democratic regimes are indecisive and full of problems.","1=Strongly agree; 2=Agree; 3=Disagree; 4=Strongly disagree; 98=Don't know; 99=Refused","Text sourced from W1 questionnaire PDF and W7 SPSS variable labels (AB7_ENG_Release_Version6.sav)"
"w8","Q516_2","dem_critique_indecisive","Democracy Critiques","How much do you agree or disagree with the following statements?","Democratic regimes are indecisive and full of problems.","1=Strongly agree; 2=Agree; 3=Disagree; 4=Strongly disagree; 98=Don't know; 99=Refused","Text sourced from W1 questionnaire PDF and W8 SPSS variable labels (ArabBarometer_WaveVIII_English_v3.sav)"
"w2","q5165","dem_critique_not_ready","Democracy Critiques","How much do you agree or disagree with the following statements?","The citizens in your country are not prepared for a democratic system.","1=Strongly agree; 2=Agree; 3=Disagree; 4=Strongly disagree; 98=Don't know; 99=Refused","Text sourced from W1 questionnaire PDF (ABI_Questionnaire_ENG.pdf) and W2 SPSS variable labels"
"w3","q5165","dem_critique_not_ready","Democracy Critiques","How much do you agree or disagree with the following statements?","The citizens in your country are not prepared for a democratic system.","1=Strongly agree; 2=Agree; 3=Disagree; 4=Strongly disagree; 98=Don't know; 99=Refused","Text sourced from W1 questionnaire PDF (ABI_Questionnaire_ENG.pdf) and W2 SPSS variable labels"
"w4","q5165","dem_critique_not_ready","Democracy Critiques","How much do you agree or disagree with the following statements?","The citizens in your country are not prepared for a democratic system.","1=Strongly agree; 2=Agree; 3=Disagree; 4=Strongly disagree; 98=Don't know; 99=Refused","Text sourced from W1 questionnaire PDF (ABI_Questionnaire_ENG.pdf) and W2 SPSS variable labels"
"w5","","dem_critique_not_ready","Democracy Critiques","How much do you agree or disagree with the following statements?","The citizens in your country are not prepared for a democratic system.","1=Strongly agree; 2=Agree; 3=Disagree; 4=Strongly disagree; 98=Don't know; 99=Refused","Not included in this wave"
"w7","","dem_critique_not_ready","Democracy Critiques","How much do you agree or disagree with the following statements?","The citizens in your country are not prepared for a democratic system.","1=Strongly agree; 2=Agree; 3=Disagree; 4=Strongly disagree; 98=Don't know; 99=Refused","Not included in this wave"
"w8","","dem_critique_not_ready","Democracy Critiques","How much do you agree or disagree with the following statements?","The citizens in your country are not prepared for a democratic system.","1=Strongly agree; 2=Agree; 3=Disagree; 4=Strongly disagree; 98=Don't know; 99=Refused","Not included in this wave"
"w2","q5163","dem_critique_order","Democracy Critiques","How much do you agree or disagree with the following statements?","Democratic systems are not effective at maintaining order and stability.","1=Strongly agree; 2=Agree; 3=Disagree; 4=Strongly disagree; 98=Don't know; 99=Refused","Text sourced from W1 questionnaire PDF (ABI_Questionnaire_ENG.pdf) and W2 SPSS variable labels"
"w3","q5163","dem_critique_order","Democracy Critiques","How much do you agree or disagree with the following statements?","Democratic systems are not effective at maintaining order and stability.","1=Strongly agree; 2=Agree; 3=Disagree; 4=Strongly disagree; 98=Don't know; 99=Refused","Text sourced from W1 questionnaire PDF (ABI_Questionnaire_ENG.pdf) and W2 SPSS variable labels"
"w4","q5163","dem_critique_order","Democracy Critiques","How much do you agree or disagree with the following statements?","Democratic systems are not effective at maintaining order and stability.","1=Strongly agree; 2=Agree; 3=Disagree; 4=Strongly disagree; 98=Don't know; 99=Refused","Text sourced from W1 questionnaire PDF (ABI_Questionnaire_ENG.pdf) and W2 SPSS variable labels"
"w5","","dem_critique_order","Democracy Critiques","How much do you agree or disagree with the following statements?","Democratic systems are not effective at maintaining order and stability.","1=Strongly agree; 2=Agree; 3=Disagree; 4=Strongly disagree; 98=Don't know; 99=Refused","Not included in this wave"
"w7","Q516_3","dem_critique_order","Democracy Critiques","How much do you agree or disagree with the following statements?","Democratic systems are not effective at maintaining order and stability.","1=Strongly agree; 2=Agree; 3=Disagree; 4=Strongly disagree; 98=Don't know; 99=Refused","Text sourced from W1 questionnaire PDF and W7 SPSS variable labels (AB7_ENG_Release_Version6.sav)"
"w8","Q516_3","dem_critique_order","Democracy Critiques","How much do you agree or disagree with the following statements?","Democratic systems are not effective at maintaining order and stability.","1=Strongly agree; 2=Agree; 3=Disagree; 4=Strongly disagree; 98=Don't know; 99=Refused","Text sourced from W1 questionnaire PDF and W8 SPSS variable labels (ArabBarometer_WaveVIII_English_v3.sav)"
"w2","q5167","dem_critique_values","Democracy Critiques","How much do you agree or disagree with the following statements?","Democracy negatively affects social and ethical values in your country.","1=Strongly agree; 2=Agree; 3=Disagree; 4=Strongly disagree; 98=Don't know; 99=Refused","Text sourced from W1 questionnaire PDF (ABI_Questionnaire_ENG.pdf) and W2 SPSS variable labels"
"w3","q5167","dem_critique_values","Democracy Critiques","How much do you agree or disagree with the following statements?","Democracy negatively affects social and ethical values in your country.","1=Strongly agree; 2=Agree; 3=Disagree; 4=Strongly disagree; 98=Don't know; 99=Refused","Text sourced from W1 questionnaire PDF (ABI_Questionnaire_ENG.pdf) and W2 SPSS variable labels"
"w4","","dem_critique_values","Democracy Critiques","How much do you agree or disagree with the following statements?","Democracy negatively affects social and ethical values in your country.","1=Strongly agree; 2=Agree; 3=Disagree; 4=Strongly disagree; 98=Don't know; 99=Refused","Not included in this wave"
"w5","","dem_critique_values","Democracy Critiques","How much do you agree or disagree with the following statements?","Democracy negatively affects social and ethical values in your country.","1=Strongly agree; 2=Agree; 3=Disagree; 4=Strongly disagree; 98=Don't know; 99=Refused","Not included in this wave"
"w7","","dem_critique_values","Democracy Critiques","How much do you agree or disagree with the following statements?","Democracy negatively affects social and ethical values in your country.","1=Strongly agree; 2=Agree; 3=Disagree; 4=Strongly disagree; 98=Don't know; 99=Refused","Not included in this wave"
"w8","","dem_critique_values","Democracy Critiques","How much do you agree or disagree with the following statements?","Democracy negatively affects social and ethical values in your country.","1=Strongly agree; 2=Agree; 3=Disagree; 4=Strongly disagree; 98=Don't know; 99=Refused","Not included in this wave"
"w2","","dem_essential_no_corruption","Democracy Essentials","To what extent do you consider each of the following to be an essential feature of a democratic system?","There is no corruption","1=Very essential; 2=Somewhat essential; 3=Not very essential; 4=Not essential at all; 98=Don't know; 99=Refused","Not included in this wave"
"w3","","dem_essential_no_corruption","Democracy Essentials","To what extent do you consider each of the following to be an essential feature of a democratic system?","There is no corruption","1=Very essential; 2=Somewhat essential; 3=Not very essential; 4=Not essential at all; 98=Don't know; 99=Refused","Not included in this wave"
"w4","","dem_essential_no_corruption","Democracy Essentials","To what extent do you consider each of the following to be an essential feature of a democratic system?","There is no corruption","1=Very essential; 2=Somewhat essential; 3=Not very essential; 4=Not essential at all; 98=Don't know; 99=Refused","Not included in this wave"
"w5","","dem_essential_no_corruption","Democracy Essentials","To what extent do you consider each of the following to be an essential feature of a democratic system?","There is no corruption","1=Very essential; 2=Somewhat essential; 3=Not very essential; 4=Not essential at all; 98=Don't know; 99=Refused","Not included in this wave"
"w7","","dem_essential_no_corruption","Democracy Essentials","To what extent do you consider each of the following to be an essential feature of a democratic system?","There is no corruption","1=Very essential; 2=Somewhat essential; 3=Not very essential; 4=Not essential at all; 98=Don't know; 99=Refused","Not included in this wave"
"w8","Q550A_2","dem_essential_no_corruption","Democracy Essentials","To what extent do you consider each of the following to be an essential feature of a democratic system?","There is no corruption","1=Very essential; 2=Somewhat essential; 3=Not very essential; 4=Not essential at all; 98=Don't know; 99=Refused","Text sourced from W1 questionnaire PDF and W8 SPSS variable labels (ArabBarometer_WaveVIII_English_v3.sav)"
"w2","q511","dem_extent_country","Democracy","","In your opinion, to what extent is your country democratic? Using a 10-point scale where 1 means complete dictatorship and 10 means complete democracy.","1-10 (1=Complete dictatorship; 10=Complete democracy); 98=Don't know; 99=Refused","Text sourced from W1 questionnaire PDF (ABI_Questionnaire_ENG.pdf) and W2 SPSS variable labels"
"w3","q511","dem_extent_country","Democracy","","In your opinion, to what extent is your country democratic? Using a 10-point scale where 1 means complete dictatorship and 10 means complete democracy.","1-10 (1=Complete dictatorship; 10=Complete democracy); 98=Don't know; 99=Refused","Text sourced from W1 questionnaire PDF (ABI_Questionnaire_ENG.pdf) and W2 SPSS variable labels"
"w4","q511","dem_extent_country","Democracy","","In your opinion, to what extent is your country democratic? Using a 10-point scale where 1 means complete dictatorship and 10 means complete democracy.","1-10 (1=Complete dictatorship; 10=Complete democracy); 98=Don't know; 99=Refused","Text sourced from W1 questionnaire PDF (ABI_Questionnaire_ENG.pdf) and W2 SPSS variable labels"
"w5","","dem_extent_country","Democracy","","In your opinion, to what extent is your country democratic? Using a 10-point scale where 1 means complete dictatorship and 10 means complete democracy.","1-10 (1=Complete dictatorship; 10=Complete democracy); 98=Don't know; 99=Refused","Not included in this wave"
"w7","","dem_extent_country","Democracy","","In your opinion, to what extent is your country democratic? Using a 10-point scale where 1 means complete dictatorship and 10 means complete democracy.","1-10 (1=Complete dictatorship; 10=Complete democracy); 98=Don't know; 99=Refused","Not included in this wave"
"w8","","dem_extent_country","Democracy","","In your opinion, to what extent is your country democratic? Using a 10-point scale where 1 means complete dictatorship and 10 means complete democracy.","1-10 (1=Complete dictatorship; 10=Complete democracy); 98=Don't know; 99=Refused","Not included in this wave"
"w2","q5151","dem_feature_1st","Democracy Features","People often differ in their views on the characteristics that are essential to democracy. If you have to choose only one thing, what would you choose as the most important characteristic?","First Characteristic","1=Opportunity to change govt through elections; 2=Freedom to criticize govt; 3=Small income gap; 4=Basic necessities; 5=Other","Text sourced from W1 questionnaire PDF (ABI_Questionnaire_ENG.pdf) and W2 SPSS variable labels"
"w3","q5151","dem_feature_1st","Democracy Features","People often differ in their views on the characteristics that are essential to democracy. If you have to choose only one thing, what would you choose as the most important characteristic?","First Characteristic","1=Opportunity to change govt through elections; 2=Freedom to criticize govt; 3=Small income gap; 4=Basic necessities; 5=Other","Text sourced from W1 questionnaire PDF (ABI_Questionnaire_ENG.pdf) and W2 SPSS variable labels"
"w4","","dem_feature_1st","Democracy Features","People often differ in their views on the characteristics that are essential to democracy. If you have to choose only one thing, what would you choose as the most important characteristic?","First Characteristic","1=Opportunity to change govt through elections; 2=Freedom to criticize govt; 3=Small income gap; 4=Basic necessities; 5=Other","Not included in this wave"
"w5","","dem_feature_1st","Democracy Features","People often differ in their views on the characteristics that are essential to democracy. If you have to choose only one thing, what would you choose as the most important characteristic?","First Characteristic","1=Opportunity to change govt through elections; 2=Freedom to criticize govt; 3=Small income gap; 4=Basic necessities; 5=Other","Not included in this wave"
"w7","","dem_feature_1st","Democracy Features","People often differ in their views on the characteristics that are essential to democracy. If you have to choose only one thing, what would you choose as the most important characteristic?","First Characteristic","1=Opportunity to change govt through elections; 2=Freedom to criticize govt; 3=Small income gap; 4=Basic necessities; 5=Other","Not included in this wave"
"w8","","dem_feature_1st","Democracy Features","People often differ in their views on the characteristics that are essential to democracy. If you have to choose only one thing, what would you choose as the most important characteristic?","First Characteristic","1=Opportunity to change govt through elections; 2=Freedom to criticize govt; 3=Small income gap; 4=Basic necessities; 5=Other","Not included in this wave"
"w2","q5152","dem_feature_2nd","Democracy Features","People often differ in their views on the characteristics that are essential to democracy.","Second Characteristic","1=Opportunity to change govt through elections; 2=Freedom to criticize govt; 3=Small income gap; 4=Basic necessities; 5=Other","Text sourced from W1 questionnaire PDF (ABI_Questionnaire_ENG.pdf) and W2 SPSS variable labels"
"w3","q5152","dem_feature_2nd","Democracy Features","People often differ in their views on the characteristics that are essential to democracy.","Second Characteristic","1=Opportunity to change govt through elections; 2=Freedom to criticize govt; 3=Small income gap; 4=Basic necessities; 5=Other","Text sourced from W1 questionnaire PDF (ABI_Questionnaire_ENG.pdf) and W2 SPSS variable labels"
"w4","","dem_feature_2nd","Democracy Features","People often differ in their views on the characteristics that are essential to democracy.","Second Characteristic","1=Opportunity to change govt through elections; 2=Freedom to criticize govt; 3=Small income gap; 4=Basic necessities; 5=Other","Not included in this wave"
"w5","","dem_feature_2nd","Democracy Features","People often differ in their views on the characteristics that are essential to democracy.","Second Characteristic","1=Opportunity to change govt through elections; 2=Freedom to criticize govt; 3=Small income gap; 4=Basic necessities; 5=Other","Not included in this wave"
"w7","","dem_feature_2nd","Democracy Features","People often differ in their views on the characteristics that are essential to democracy.","Second Characteristic","1=Opportunity to change govt through elections; 2=Freedom to criticize govt; 3=Small income gap; 4=Basic necessities; 5=Other","Not included in this wave"
"w8","","dem_feature_2nd","Democracy Features","People often differ in their views on the characteristics that are essential to democracy.","Second Characteristic","1=Opportunity to change govt through elections; 2=Freedom to criticize govt; 3=Small income gap; 4=Basic necessities; 5=Other","Not included in this wave"
"w2","q512","dem_suitable_country","Democracy","","Using a scale of 1 to 10 measuring the extent to which democracy is suitable for your country, where 1 means completely unsuitable and 10 means completely suitable, where would you place your opinion?","1-10 (1=Completely unsuitable; 10=Completely suitable); 98=Don't know; 99=Refused","Text sourced from W1 questionnaire PDF (ABI_Questionnaire_ENG.pdf) and W2 SPSS variable labels"
"w3","q512","dem_suitable_country","Democracy","","Using a scale of 1 to 10 measuring the extent to which democracy is suitable for your country, where 1 means completely unsuitable and 10 means completely suitable, where would you place your opinion?","1-10 (1=Completely unsuitable; 10=Completely suitable); 98=Don't know; 99=Refused","Text sourced from W1 questionnaire PDF (ABI_Questionnaire_ENG.pdf) and W2 SPSS variable labels"
"w4","q512","dem_suitable_country","Democracy","","Using a scale of 1 to 10 measuring the extent to which democracy is suitable for your country, where 1 means completely unsuitable and 10 means completely suitable, where would you place your opinion?","1-10 (1=Completely unsuitable; 10=Completely suitable); 98=Don't know; 99=Refused","Text sourced from W1 questionnaire PDF (ABI_Questionnaire_ENG.pdf) and W2 SPSS variable labels"
"w5","","dem_suitable_country","Democracy","","Using a scale of 1 to 10 measuring the extent to which democracy is suitable for your country, where 1 means completely unsuitable and 10 means completely suitable, where would you place your opinion?","1-10 (1=Completely unsuitable; 10=Completely suitable); 98=Don't know; 99=Refused","Not included in this wave"
"w7","","dem_suitable_country","Democracy","","Using a scale of 1 to 10 measuring the extent to which democracy is suitable for your country, where 1 means completely unsuitable and 10 means completely suitable, where would you place your opinion?","1-10 (1=Completely unsuitable; 10=Completely suitable); 98=Don't know; 99=Refused","Not included in this wave"
"w8","Q512","dem_suitable_country","Democracy","","Using a scale of 1 to 10 measuring the extent to which democracy is suitable for your country, where 1 means completely unsuitable and 10 means completely suitable, where would you place your opinion?","1-10 (1=Completely unsuitable; 10=Completely suitable); 98=Don't know; 99=Refused","Text sourced from W1 questionnaire PDF and W8 SPSS variable labels (ArabBarometer_WaveVIII_English_v3.sav)"
"w2","q101","econ_national_current","Economic Evaluations","","How would you evaluate the current economic situation in your country?","Raw: 1=Very good; 2=Good; 3=Bad; 4=Very bad. REVERSED in harmonization: 1=Very bad; 2=Bad; 3=Good; 4=Very good (higher=better)","Text sourced from W1 questionnaire PDF (ABI_Questionnaire_ENG.pdf) and W2 SPSS variable labels"
"w3","q101","econ_national_current","Economic Evaluations","","How would you evaluate the current economic situation in your country?","Raw: 1=Very good; 2=Good; 3=Bad; 4=Very bad. REVERSED in harmonization: 1=Very bad; 2=Bad; 3=Good; 4=Very good (higher=better)","Text sourced from W1 questionnaire PDF (ABI_Questionnaire_ENG.pdf) and W2 SPSS variable labels"
"w4","q101","econ_national_current","Economic Evaluations","","How would you evaluate the current economic situation in your country?","Raw: 1=Very good; 2=Good; 3=Bad; 4=Very bad. REVERSED in harmonization: 1=Very bad; 2=Bad; 3=Good; 4=Very good (higher=better)","Text sourced from W1 questionnaire PDF (ABI_Questionnaire_ENG.pdf) and W2 SPSS variable labels"
"w5","Q101","econ_national_current","Economic Evaluations","","How would you evaluate the current economic situation in your country?","Raw: 1=Very good; 2=Good; 3=Bad; 4=Very bad. REVERSED in harmonization: 1=Very bad; 2=Bad; 3=Good; 4=Very good (higher=better)","Text sourced from W1 questionnaire PDF and W5 SPSS variable labels (ArabBarometer_WaveV_English_v2.sav)"
"w7","Q101","econ_national_current","Economic Evaluations","","How would you evaluate the current economic situation in your country?","Raw: 1=Very good; 2=Good; 3=Bad; 4=Very bad. REVERSED in harmonization: 1=Very bad; 2=Bad; 3=Good; 4=Very good (higher=better)","Text sourced from W1 questionnaire PDF and W7 SPSS variable labels (AB7_ENG_Release_Version6.sav)"
"w8","Q101","econ_national_current","Economic Evaluations","","How would you evaluate the current economic situation in your country?","Raw: 1=Very good; 2=Good; 3=Bad; 4=Very bad. REVERSED in harmonization: 1=Very bad; 2=Bad; 3=Good; 4=Very good (higher=better)","Text sourced from W1 questionnaire PDF and W8 SPSS variable labels (ArabBarometer_WaveVIII_English_v3.sav)"
"w2","q102","econ_national_future","Economic Evaluations","","What do you think will be the economic situation in your country during the next few years (2-5 years) compared to the current situation?","Raw: 1=Much better; 2=Somewhat better; 3=Almost the same; 4=Somewhat worse; 5=Much worse. REVERSED in harmonization: 1=Much worse; 2=Somewhat worse; 3=Almost the same; 4=Somewhat better; 5=Much better (higher=more optimistic)","Text sourced from W1 questionnaire PDF (ABI_Questionnaire_ENG.pdf) and W2 SPSS variable labels"
"w3","q102","econ_national_future","Economic Evaluations","","What do you think will be the economic situation in your country during the next few years (2-5 years) compared to the current situation?","Raw: 1=Much better; 2=Somewhat better; 3=Almost the same; 4=Somewhat worse; 5=Much worse. REVERSED in harmonization: 1=Much worse; 2=Somewhat worse; 3=Almost the same; 4=Somewhat better; 5=Much better (higher=more optimistic)","Text sourced from W1 questionnaire PDF (ABI_Questionnaire_ENG.pdf) and W2 SPSS variable labels"
"w4","q102","econ_national_future","Economic Evaluations","","What do you think will be the economic situation in your country during the next few years (2-5 years) compared to the current situation?","Raw: 1=Much better; 2=Somewhat better; 3=Almost the same; 4=Somewhat worse; 5=Much worse. REVERSED in harmonization: 1=Much worse; 2=Somewhat worse; 3=Almost the same; 4=Somewhat better; 5=Much better (higher=more optimistic)","Text sourced from W1 questionnaire PDF (ABI_Questionnaire_ENG.pdf) and W2 SPSS variable labels"
"w5","Q102","econ_national_future","Economic Evaluations","","What do you think will be the economic situation in your country during the next few years (2-5 years) compared to the current situation?","Raw: 1=Much better; 2=Somewhat better; 3=Almost the same; 4=Somewhat worse; 5=Much worse. REVERSED in harmonization: 1=Much worse; 2=Somewhat worse; 3=Almost the same; 4=Somewhat better; 5=Much better (higher=more optimistic)","Text sourced from W1 questionnaire PDF and W5 SPSS variable labels (ArabBarometer_WaveV_English_v2.sav)"
"w7","Q102","econ_national_future","Economic Evaluations","","What do you think will be the economic situation in your country during the next few years (2-5 years) compared to the current situation?","Raw: 1=Much better; 2=Somewhat better; 3=Almost the same; 4=Somewhat worse; 5=Much worse. REVERSED in harmonization: 1=Much worse; 2=Somewhat worse; 3=Almost the same; 4=Somewhat better; 5=Much better (higher=more optimistic)","Text sourced from W1 questionnaire PDF and W7 SPSS variable labels (AB7_ENG_Release_Version6.sav)"
"w8","Q102","econ_national_future","Economic Evaluations","","What do you think will be the economic situation in your country during the next few years (2-5 years) compared to the current situation?","Raw: 1=Much better; 2=Somewhat better; 3=Almost the same; 4=Somewhat worse; 5=Much worse. REVERSED in harmonization: 1=Much worse; 2=Somewhat worse; 3=Almost the same; 4=Somewhat better; 5=Much better (higher=more optimistic)","Text sourced from W1 questionnaire PDF and W8 SPSS variable labels (ArabBarometer_WaveVIII_English_v3.sav)"
"w2","","econ_national_past","Economic Evaluations","","How would you compare the current economic situation in your country to a few years ago (3-5 years)?","Raw: 1=Much better; 2=Somewhat better; 3=About the same; 4=Somewhat worse; 5=Much worse. REVERSED: higher=more improvement","Not included in this wave"
"w3","","econ_national_past","Economic Evaluations","","How would you compare the current economic situation in your country to a few years ago (3-5 years)?","Raw: 1=Much better; 2=Somewhat better; 3=About the same; 4=Somewhat worse; 5=Much worse. REVERSED: higher=more improvement","Not included in this wave"
"w4","q101a","econ_national_past","Economic Evaluations","","How would you compare the current economic situation in your country to a few years ago (3-5 years)?","Raw: 1=Much better; 2=Somewhat better; 3=About the same; 4=Somewhat worse; 5=Much worse. REVERSED: higher=more improvement","Text sourced from W1 questionnaire PDF (ABI_Questionnaire_ENG.pdf) and W2 SPSS variable labels"
"w5","Q101A","econ_national_past","Economic Evaluations","","How would you compare the current economic situation in your country to a few years ago (3-5 years)?","Raw: 1=Much better; 2=Somewhat better; 3=About the same; 4=Somewhat worse; 5=Much worse. REVERSED: higher=more improvement","Text sourced from W1 questionnaire PDF and W5 SPSS variable labels (ArabBarometer_WaveV_English_v2.sav)"
"w7","","econ_national_past","Economic Evaluations","","How would you compare the current economic situation in your country to a few years ago (3-5 years)?","Raw: 1=Much better; 2=Somewhat better; 3=About the same; 4=Somewhat worse; 5=Much worse. REVERSED: higher=more improvement","Not included in this wave"
"w8","","econ_national_past","Economic Evaluations","","How would you compare the current economic situation in your country to a few years ago (3-5 years)?","Raw: 1=Much better; 2=Somewhat better; 3=About the same; 4=Somewhat worse; 5=Much worse. REVERSED: higher=more improvement","Not included in this wave"
"w2","q1003","education_level","Demographics","","What is your highest level of education?","Coding varies by wave (1=No formal education to 7=MA and above)","Text sourced from W1 questionnaire PDF (ABI_Questionnaire_ENG.pdf) and W2 SPSS variable labels"
"w3","q1003","education_level","Demographics","","What is your highest level of education?","Coding varies by wave (1=No formal education to 7=MA and above)","Text sourced from W1 questionnaire PDF (ABI_Questionnaire_ENG.pdf) and W2 SPSS variable labels"
"w4","q1003","education_level","Demographics","","What is your highest level of education?","Coding varies by wave (1=No formal education to 7=MA and above)","Text sourced from W1 questionnaire PDF (ABI_Questionnaire_ENG.pdf) and W2 SPSS variable labels"
"w5","Q1003","education_level","Demographics","","What is your highest level of education?","Coding varies by wave (1=No formal education to 7=MA and above)","Text sourced from W1 questionnaire PDF and W5 SPSS variable labels (ArabBarometer_WaveV_English_v2.sav)"
"w7","Q1003","education_level","Demographics","","What is your highest level of education?","Coding varies by wave (1=No formal education to 7=MA and above)","Text sourced from W1 questionnaire PDF and W7 SPSS variable labels (AB7_ENG_Release_Version6.sav)"
"w8","Q1003","education_level","Demographics","","What is your highest level of education?","Coding varies by wave (1=No formal education to 7=MA and above)","Text sourced from W1 questionnaire PDF and W8 SPSS variable labels (ArabBarometer_WaveVIII_English_v3.sav)"
"w2","q1004","employment_status","Demographics","","Employment status","Harmonized: 0=Out of labor force; 1=Unemployed; 2=Employed","Text sourced from W1 questionnaire PDF (ABI_Questionnaire_ENG.pdf) and W2 SPSS variable labels"
"w3","q1004","employment_status","Demographics","","Employment status","Harmonized: 0=Out of labor force; 1=Unemployed; 2=Employed","Text sourced from W1 questionnaire PDF (ABI_Questionnaire_ENG.pdf) and W2 SPSS variable labels"
"w4","q1004","employment_status","Demographics","","Employment status","Harmonized: 0=Out of labor force; 1=Unemployed; 2=Employed","Text sourced from W1 questionnaire PDF (ABI_Questionnaire_ENG.pdf) and W2 SPSS variable labels"
"w5","Q1005","employment_status","Demographics","","Employment status","Harmonized: 0=Out of labor force; 1=Unemployed; 2=Employed","Text sourced from W1 questionnaire PDF and W5 SPSS variable labels (ArabBarometer_WaveV_English_v2.sav)"
"w7","Q1005","employment_status","Demographics","","Employment status","Harmonized: 0=Out of labor force; 1=Unemployed; 2=Employed","Text sourced from W1 questionnaire PDF and W7 SPSS variable labels (AB7_ENG_Release_Version6.sav)"
"w8","Q1005","employment_status","Demographics","","Employment status","Harmonized: 0=Out of labor force; 1=Unemployed; 2=Employed","Text sourced from W1 questionnaire PDF and W8 SPSS variable labels (ArabBarometer_WaveVIII_English_v3.sav)"
"w2","q1002","gender","Demographics","","Gender","1=Male; 2=Female","Text sourced from W1 questionnaire PDF (ABI_Questionnaire_ENG.pdf) and W2 SPSS variable labels"
"w3","q1002","gender","Demographics","","Gender","1=Male; 2=Female","Text sourced from W1 questionnaire PDF (ABI_Questionnaire_ENG.pdf) and W2 SPSS variable labels"
"w4","q1002","gender","Demographics","","Gender","1=Male; 2=Female","Text sourced from W1 questionnaire PDF (ABI_Questionnaire_ENG.pdf) and W2 SPSS variable labels"
"w5","Q1002","gender","Demographics","","Gender","1=Male; 2=Female","Text sourced from W1 questionnaire PDF and W5 SPSS variable labels (ArabBarometer_WaveV_English_v2.sav)"
"w7","Q1002","gender","Demographics","","Gender","1=Male; 2=Female","Text sourced from W1 questionnaire PDF and W7 SPSS variable labels (AB7_ENG_Release_Version6.sav)"
"w8","Q1002","gender","Demographics","","Gender","1=Male; 2=Female","Text sourced from W1 questionnaire PDF and W8 SPSS variable labels (ArabBarometer_WaveVIII_English_v3.sav)"
"w2","","int_date","Demographics","","Record today's date (interview date)","Date class","Not included in this wave"
"w3","date","int_date","Demographics","","Record today's date (interview date)","Date class","Text sourced from W1 questionnaire PDF (ABI_Questionnaire_ENG.pdf) and W2 SPSS variable labels"
"w4","","int_date","Demographics","","Record today's date (interview date)","Date class","Not included in this wave"
"w5","","int_date","Demographics","","Record today's date (interview date)","Date class","Not included in this wave"
"w7","DATE","int_date","Demographics","","Record today's date (interview date)","Date class","Text sourced from W1 questionnaire PDF and W7 SPSS variable labels (AB7_ENG_Release_Version6.sav)"
"w8","DATE","int_date","Demographics","","Record today's date (interview date)","Date class","Text sourced from W1 questionnaire PDF and W8 SPSS variable labels (ArabBarometer_WaveVIII_English_v3.sav)"
"w2","","int_month","Demographics","","Record today's date (interview month extracted)","1-12","Not included in this wave"
"w3","date","int_month","Demographics","","Record today's date (interview month extracted)","1-12","Text sourced from W1 questionnaire PDF (ABI_Questionnaire_ENG.pdf) and W2 SPSS variable labels"
"w4","","int_month","Demographics","","Record today's date (interview month extracted)","1-12","Not included in this wave"
"w5","","int_month","Demographics","","Record today's date (interview month extracted)","1-12","Not included in this wave"
"w7","DATE","int_month","Demographics","","Record today's date (interview month extracted)","1-12","Text sourced from W1 questionnaire PDF and W7 SPSS variable labels (AB7_ENG_Release_Version6.sav)"
"w8","DATE","int_month","Demographics","","Record today's date (interview month extracted)","1-12","Text sourced from W1 questionnaire PDF and W8 SPSS variable labels (ArabBarometer_WaveVIII_English_v3.sav)"
"w2","(w2 crosswalk)","int_year","Demographics","","Record today's date (interview year extracted)","Year integer","Filled from AB methodology-report fieldwork crosswalk in 99_create_final_dataset.R (raw AB W2 has no interview-date column)"
"w3","date","int_year","Demographics","","Record today's date (interview year extracted)","Year integer","Text sourced from W1 questionnaire PDF (ABI_Questionnaire_ENG.pdf) and W2 SPSS variable labels"
"w4","(w4 crosswalk)","int_year","Demographics","","Record today's date (interview year extracted)","Year integer","Filled from AB methodology-report fieldwork crosswalk in 99_create_final_dataset.R (raw AB W4 has no interview-date column)"
"w5","(w5 crosswalk)","int_year","Demographics","","Record today's date (interview year extracted)","Year integer","Filled from AB methodology-report fieldwork crosswalk in 99_create_final_dataset.R (raw AB W5 has no interview-date column)"
"w7","DATE","int_year","Demographics","","Record today's date (interview year extracted)","Year integer","Text sourced from W1 questionnaire PDF and W7 SPSS variable labels (AB7_ENG_Release_Version6.sav)"
"w8","DATE","int_year","Demographics","","Record today's date (interview year extracted)","Year integer","Text sourced from W1 questionnaire PDF and W8 SPSS variable labels (ArabBarometer_WaveVIII_English_v3.sav)"
"w2","","order_over_democracy","Democracy","","As long as the government can maintain order and stability in the country, it does not matter whether it is democratic or undemocratic.","1=Strongly agree; 2=Somewhat agree; 3=Somewhat disagree; 4=Strongly disagree; 98=Don't know; 99=Refused","Not included in this wave"
"w3","","order_over_democracy","Democracy","","As long as the government can maintain order and stability in the country, it does not matter whether it is democratic or undemocratic.","1=Strongly agree; 2=Somewhat agree; 3=Somewhat disagree; 4=Strongly disagree; 98=Don't know; 99=Refused","Not included in this wave"
"w4","","order_over_democracy","Democracy","","As long as the government can maintain order and stability in the country, it does not matter whether it is democratic or undemocratic.","1=Strongly agree; 2=Somewhat agree; 3=Somewhat disagree; 4=Strongly disagree; 98=Don't know; 99=Refused","Not included in this wave"
"w5","","order_over_democracy","Democracy","","As long as the government can maintain order and stability in the country, it does not matter whether it is democratic or undemocratic.","1=Strongly agree; 2=Somewhat agree; 3=Somewhat disagree; 4=Strongly disagree; 98=Don't know; 99=Refused","Not included in this wave"
"w7","Q533_5","order_over_democracy","Democracy","","As long as the government can maintain order and stability in the country, it does not matter whether it is democratic or undemocratic.","1=Strongly agree; 2=Somewhat agree; 3=Somewhat disagree; 4=Strongly disagree; 98=Don't know; 99=Refused","Text sourced from W1 questionnaire PDF and W7 SPSS variable labels (AB7_ENG_Release_Version6.sav)"
"w8","","order_over_democracy","Democracy","","As long as the government can maintain order and stability in the country, it does not matter whether it is democratic or undemocratic.","1=Strongly agree; 2=Somewhat agree; 3=Somewhat disagree; 4=Strongly disagree; 98=Don't know; 99=Refused","Not included in this wave"
"w2","q503","party_close","Political Engagement","","Which of the existing parties, if any, do you feel closest to?","0=No party; 1=Yes (party named); 98=Don't know; 99=Refused","Text sourced from W1 questionnaire PDF (ABI_Questionnaire_ENG.pdf) and W2 SPSS variable labels"
"w3","q503","party_close","Political Engagement","","Which of the existing parties, if any, do you feel closest to?","0=No party; 1=Yes (party named); 98=Don't know; 99=Refused","Text sourced from W1 questionnaire PDF (ABI_Questionnaire_ENG.pdf) and W2 SPSS variable labels"
"w4","q503","party_close","Political Engagement","","Which of the existing parties, if any, do you feel closest to?","0=No party; 1=Yes (party named); 98=Don't know; 99=Refused","Text sourced from W1 questionnaire PDF (ABI_Questionnaire_ENG.pdf) and W2 SPSS variable labels"
"w5","Q503A","party_close","Political Engagement","","Which of the existing parties, if any, do you feel closest to?","0=No party; 1=Yes (party named); 98=Don't know; 99=Refused","Text sourced from W1 questionnaire PDF and W5 SPSS variable labels (ArabBarometer_WaveV_English_v2.sav)"
"w7","Q503A_1","party_close","Political Engagement","","Which of the existing parties, if any, do you feel closest to?","0=No party; 1=Yes (party named); 98=Don't know; 99=Refused","Text sourced from W1 questionnaire PDF and W7 SPSS variable labels (AB7_ENG_Release_Version6.sav)"
"w8","Q503A_2","party_close","Political Engagement","","Which of the existing parties, if any, do you feel closest to?","0=No party; 1=Yes (party named); 98=Don't know; 99=Refused","Text sourced from W1 questionnaire PDF and W8 SPSS variable labels (ArabBarometer_WaveVIII_English_v3.sav)"
"w2","q5184","regime_islamic_law","Regime Suitability","I'm going to describe various types of political systems that exist in the Middle East and ask what you think about each as a way of governing your country. For each one, would you say it is very suitable, suitable, somewhat suitable, or not suitable at all?","A system governed by Islamic law in which there are no political parties or elections.","1=Not suitable at all; 2=Somewhat suitable; 3=Suitable; 4=Very suitable (REVERSED in harmonization: higher=more suitable)","Text sourced from W1 questionnaire PDF (ABI_Questionnaire_ENG.pdf) and W2 SPSS variable labels"
"w3","q5184","regime_islamic_law","Regime Suitability","I'm going to describe various types of political systems that exist in the Middle East and ask what you think about each as a way of governing your country. For each one, would you say it is very suitable, suitable, somewhat suitable, or not suitable at all?","A system governed by Islamic law in which there are no political parties or elections.","1=Not suitable at all; 2=Somewhat suitable; 3=Suitable; 4=Very suitable (REVERSED in harmonization: higher=more suitable)","Text sourced from W1 questionnaire PDF (ABI_Questionnaire_ENG.pdf) and W2 SPSS variable labels"
"w4","q5184","regime_islamic_law","Regime Suitability","I'm going to describe various types of political systems that exist in the Middle East and ask what you think about each as a way of governing your country. For each one, would you say it is very suitable, suitable, somewhat suitable, or not suitable at all?","A system governed by Islamic law in which there are no political parties or elections.","1=Not suitable at all; 2=Somewhat suitable; 3=Suitable; 4=Very suitable (REVERSED in harmonization: higher=more suitable)","Text sourced from W1 questionnaire PDF (ABI_Questionnaire_ENG.pdf) and W2 SPSS variable labels"
"w5","","regime_islamic_law","Regime Suitability","I'm going to describe various types of political systems that exist in the Middle East and ask what you think about each as a way of governing your country. For each one, would you say it is very suitable, suitable, somewhat suitable, or not suitable at all?","A system governed by Islamic law in which there are no political parties or elections.","1=Not suitable at all; 2=Somewhat suitable; 3=Suitable; 4=Very suitable (REVERSED in harmonization: higher=more suitable)","Not included in this wave"
"w7","","regime_islamic_law","Regime Suitability","I'm going to describe various types of political systems that exist in the Middle East and ask what you think about each as a way of governing your country. For each one, would you say it is very suitable, suitable, somewhat suitable, or not suitable at all?","A system governed by Islamic law in which there are no political parties or elections.","1=Not suitable at all; 2=Somewhat suitable; 3=Suitable; 4=Very suitable (REVERSED in harmonization: higher=more suitable)","Not included in this wave"
"w8","Q518_4","regime_islamic_law","Regime Suitability","I'm going to describe various types of political systems that exist in the Middle East and ask what you think about each as a way of governing your country. For each one, would you say it is very suitable, suitable, somewhat suitable, or not suitable at all?","A system governed by Islamic law in which there are no political parties or elections.","1=Not suitable at all; 2=Somewhat suitable; 3=Suitable; 4=Very suitable (REVERSED in harmonization: higher=more suitable)","Text sourced from W1 questionnaire PDF and W8 SPSS variable labels (ArabBarometer_WaveVIII_English_v3.sav)"
"w2","q5181","regime_parliamentary_dem","Regime Suitability","I'm going to describe various types of political systems that exist in the Middle East and ask what you think about each as a way of governing your country. For each one, would you say it is very suitable, suitable, somewhat suitable, or not suitable at all?","A parliamentary system in which nationalist, left-wing, right-wing, and Islamist political parties all compete in elections.","1=Not suitable at all; 2=Somewhat suitable; 3=Suitable; 4=Very suitable (REVERSED in harmonization: higher=more suitable)","Text sourced from W1 questionnaire PDF (ABI_Questionnaire_ENG.pdf) and W2 SPSS variable labels"
"w3","q5181","regime_parliamentary_dem","Regime Suitability","I'm going to describe various types of political systems that exist in the Middle East and ask what you think about each as a way of governing your country. For each one, would you say it is very suitable, suitable, somewhat suitable, or not suitable at all?","A parliamentary system in which nationalist, left-wing, right-wing, and Islamist political parties all compete in elections.","1=Not suitable at all; 2=Somewhat suitable; 3=Suitable; 4=Very suitable (REVERSED in harmonization: higher=more suitable)","Text sourced from W1 questionnaire PDF (ABI_Questionnaire_ENG.pdf) and W2 SPSS variable labels"
"w4","","regime_parliamentary_dem","Regime Suitability","I'm going to describe various types of political systems that exist in the Middle East and ask what you think about each as a way of governing your country. For each one, would you say it is very suitable, suitable, somewhat suitable, or not suitable at all?","A parliamentary system in which nationalist, left-wing, right-wing, and Islamist political parties all compete in elections.","1=Not suitable at all; 2=Somewhat suitable; 3=Suitable; 4=Very suitable (REVERSED in harmonization: higher=more suitable)","Not included in this wave"
"w5","","regime_parliamentary_dem","Regime Suitability","I'm going to describe various types of political systems that exist in the Middle East and ask what you think about each as a way of governing your country. For each one, would you say it is very suitable, suitable, somewhat suitable, or not suitable at all?","A parliamentary system in which nationalist, left-wing, right-wing, and Islamist political parties all compete in elections.","1=Not suitable at all; 2=Somewhat suitable; 3=Suitable; 4=Very suitable (REVERSED in harmonization: higher=more suitable)","Not included in this wave"
"w7","","regime_parliamentary_dem","Regime Suitability","I'm going to describe various types of political systems that exist in the Middle East and ask what you think about each as a way of governing your country. For each one, would you say it is very suitable, suitable, somewhat suitable, or not suitable at all?","A parliamentary system in which nationalist, left-wing, right-wing, and Islamist political parties all compete in elections.","1=Not suitable at all; 2=Somewhat suitable; 3=Suitable; 4=Very suitable (REVERSED in harmonization: higher=more suitable)","Not included in this wave"
"w8","Q518_1","regime_parliamentary_dem","Regime Suitability","I'm going to describe various types of political systems that exist in the Middle East and ask what you think about each as a way of governing your country. For each one, would you say it is very suitable, suitable, somewhat suitable, or not suitable at all?","A parliamentary system in which nationalist, left-wing, right-wing, and Islamist political parties all compete in elections.","1=Not suitable at all; 2=Somewhat suitable; 3=Suitable; 4=Very suitable (REVERSED in harmonization: higher=more suitable)","Text sourced from W1 questionnaire PDF and W8 SPSS variable labels (ArabBarometer_WaveVIII_English_v3.sav)"
"w2","q5183","regime_strong_authority","Regime Suitability","I'm going to describe various types of political systems that exist in the Middle East and ask what you think about each as a way of governing your country. For each one, would you say it is very suitable, suitable, somewhat suitable, or not suitable at all?","A political system governed by a strong authority which makes decisions without considering electoral results or the opinions of the opposition.","1=Not suitable at all; 2=Somewhat suitable; 3=Suitable; 4=Very suitable (REVERSED in harmonization: higher=more suitable)","Text sourced from W1 questionnaire PDF (ABI_Questionnaire_ENG.pdf) and W2 SPSS variable labels"
"w3","q5183","regime_strong_authority","Regime Suitability","I'm going to describe various types of political systems that exist in the Middle East and ask what you think about each as a way of governing your country. For each one, would you say it is very suitable, suitable, somewhat suitable, or not suitable at all?","A political system governed by a strong authority which makes decisions without considering electoral results or the opinions of the opposition.","1=Not suitable at all; 2=Somewhat suitable; 3=Suitable; 4=Very suitable (REVERSED in harmonization: higher=more suitable)","Text sourced from W1 questionnaire PDF (ABI_Questionnaire_ENG.pdf) and W2 SPSS variable labels"
"w4","q5183","regime_strong_authority","Regime Suitability","I'm going to describe various types of political systems that exist in the Middle East and ask what you think about each as a way of governing your country. For each one, would you say it is very suitable, suitable, somewhat suitable, or not suitable at all?","A political system governed by a strong authority which makes decisions without considering electoral results or the opinions of the opposition.","1=Not suitable at all; 2=Somewhat suitable; 3=Suitable; 4=Very suitable (REVERSED in harmonization: higher=more suitable)","Text sourced from W1 questionnaire PDF (ABI_Questionnaire_ENG.pdf) and W2 SPSS variable labels"
"w5","","regime_strong_authority","Regime Suitability","I'm going to describe various types of political systems that exist in the Middle East and ask what you think about each as a way of governing your country. For each one, would you say it is very suitable, suitable, somewhat suitable, or not suitable at all?","A political system governed by a strong authority which makes decisions without considering electoral results or the opinions of the opposition.","1=Not suitable at all; 2=Somewhat suitable; 3=Suitable; 4=Very suitable (REVERSED in harmonization: higher=more suitable)","Not included in this wave"
"w7","","regime_strong_authority","Regime Suitability","I'm going to describe various types of political systems that exist in the Middle East and ask what you think about each as a way of governing your country. For each one, would you say it is very suitable, suitable, somewhat suitable, or not suitable at all?","A political system governed by a strong authority which makes decisions without considering electoral results or the opinions of the opposition.","1=Not suitable at all; 2=Somewhat suitable; 3=Suitable; 4=Very suitable (REVERSED in harmonization: higher=more suitable)","Not included in this wave"
"w8","Q518_3","regime_strong_authority","Regime Suitability","I'm going to describe various types of political systems that exist in the Middle East and ask what you think about each as a way of governing your country. For each one, would you say it is very suitable, suitable, somewhat suitable, or not suitable at all?","A political system governed by a strong authority which makes decisions without considering electoral results or the opinions of the opposition.","1=Not suitable at all; 2=Somewhat suitable; 3=Suitable; 4=Very suitable (REVERSED in harmonization: higher=more suitable)","Text sourced from W1 questionnaire PDF and W8 SPSS variable labels (ArabBarometer_WaveVIII_English_v3.sav)"
"w2","","religious_leaders_corrupt","Politics and Religion","","Today, religious leaders are as likely to be corrupt as non-religious leaders.","1=Strongly agree; 2=Agree; 3=Disagree; 4=Strongly disagree; 98=Don't know; 99=Refused","Not included in this wave"
"w3","","religious_leaders_corrupt","Politics and Religion","","Today, religious leaders are as likely to be corrupt as non-religious leaders.","1=Strongly agree; 2=Agree; 3=Disagree; 4=Strongly disagree; 98=Don't know; 99=Refused","Not included in this wave"
"w4","","religious_leaders_corrupt","Politics and Religion","","Today, religious leaders are as likely to be corrupt as non-religious leaders.","1=Strongly agree; 2=Agree; 3=Disagree; 4=Strongly disagree; 98=Don't know; 99=Refused","Not included in this wave"
"w5","Q606_8","religious_leaders_corrupt","Politics and Religion","","Today, religious leaders are as likely to be corrupt as non-religious leaders.","1=Strongly agree; 2=Agree; 3=Disagree; 4=Strongly disagree; 98=Don't know; 99=Refused","Text sourced from W1 questionnaire PDF and W5 SPSS variable labels (ArabBarometer_WaveV_English_v2.sav)"
"w7","Q606_8","religious_leaders_corrupt","Politics and Religion","","Today, religious leaders are as likely to be corrupt as non-religious leaders.","1=Strongly agree; 2=Agree; 3=Disagree; 4=Strongly disagree; 98=Don't know; 99=Refused","Text sourced from W1 questionnaire PDF and W7 SPSS variable labels (AB7_ENG_Release_Version6.sav)"
"w8","Q606_8","religious_leaders_corrupt","Politics and Religion","","Today, religious leaders are as likely to be corrupt as non-religious leaders.","1=Strongly agree; 2=Agree; 3=Disagree; 4=Strongly disagree; 98=Don't know; 99=Refused","Text sourced from W1 questionnaire PDF and W8 SPSS variable labels (ArabBarometer_WaveVIII_English_v3.sav)"
"w2","q2016","trust_armed_forces","Evaluation of Political Institutions","I'm going to name a number of institutions. For each one, please tell me how much trust you have in them.","The armed forces (the army)","1=None at all; 2=Not very much trust; 3=Quite a lot of trust; 4=A great deal of trust (REVERSED in harmonization: higher=more trust)","Text sourced from W1 questionnaire PDF (ABI_Questionnaire_ENG.pdf) and W2 SPSS variable labels"
"w3","q2016","trust_armed_forces","Evaluation of Political Institutions","I'm going to name a number of institutions. For each one, please tell me how much trust you have in them.","The armed forces (the army)","1=None at all; 2=Not very much trust; 3=Quite a lot of trust; 4=A great deal of trust (REVERSED in harmonization: higher=more trust)","Text sourced from W1 questionnaire PDF (ABI_Questionnaire_ENG.pdf) and W2 SPSS variable labels"
"w4","q2016","trust_armed_forces","Evaluation of Political Institutions","I'm going to name a number of institutions. For each one, please tell me how much trust you have in them.","The armed forces (the army)","1=None at all; 2=Not very much trust; 3=Quite a lot of trust; 4=A great deal of trust (REVERSED in harmonization: higher=more trust)","Text sourced from W1 questionnaire PDF (ABI_Questionnaire_ENG.pdf) and W2 SPSS variable labels"
"w5","Q201B_6","trust_armed_forces","Evaluation of Political Institutions","I'm going to name a number of institutions. For each one, please tell me how much trust you have in them.","The armed forces (the army)","1=None at all; 2=Not very much trust; 3=Quite a lot of trust; 4=A great deal of trust (REVERSED in harmonization: higher=more trust)","Text sourced from W1 questionnaire PDF and W5 SPSS variable labels (ArabBarometer_WaveV_English_v2.sav)"
"w7","Q201B_6","trust_armed_forces","Evaluation of Political Institutions","I'm going to name a number of institutions. For each one, please tell me how much trust you have in them.","The armed forces (the army)","1=None at all; 2=Not very much trust; 3=Quite a lot of trust; 4=A great deal of trust (REVERSED in harmonization: higher=more trust)","Text sourced from W1 questionnaire PDF and W7 SPSS variable labels (AB7_ENG_Release_Version6.sav)"
"w8","Q201B_6","trust_armed_forces","Evaluation of Political Institutions","I'm going to name a number of institutions. For each one, please tell me how much trust you have in them.","The armed forces (the army)","1=None at all; 2=Not very much trust; 3=Quite a lot of trust; 4=A great deal of trust (REVERSED in harmonization: higher=more trust)","Text sourced from W1 questionnaire PDF and W8 SPSS variable labels (ArabBarometer_WaveVIII_English_v3.sav)"
"w2","q2017","trust_civil_society","Evaluation of Political Institutions","I'm going to name a number of institutions. For each one, please tell me how much trust you have in them.","Civil society organizations (associations, clubs, volunteer youth groups, etc.)","1=None at all; 2=Not very much trust; 3=Quite a lot of trust; 4=A great deal of trust (REVERSED in harmonization: higher=more trust)","Text sourced from W1 questionnaire PDF (ABI_Questionnaire_ENG.pdf) and W2 SPSS variable labels"
"w3","q2017","trust_civil_society","Evaluation of Political Institutions","I'm going to name a number of institutions. For each one, please tell me how much trust you have in them.","Civil society organizations (associations, clubs, volunteer youth groups, etc.)","1=None at all; 2=Not very much trust; 3=Quite a lot of trust; 4=A great deal of trust (REVERSED in harmonization: higher=more trust)","Text sourced from W1 questionnaire PDF (ABI_Questionnaire_ENG.pdf) and W2 SPSS variable labels"
"w4","","trust_civil_society","Evaluation of Political Institutions","I'm going to name a number of institutions. For each one, please tell me how much trust you have in them.","Civil society organizations (associations, clubs, volunteer youth groups, etc.)","1=None at all; 2=Not very much trust; 3=Quite a lot of trust; 4=A great deal of trust (REVERSED in harmonization: higher=more trust)","Not included in this wave"
"w5","Q201A_7","trust_civil_society","Evaluation of Political Institutions","I'm going to name a number of institutions. For each one, please tell me how much trust you have in them.","Civil society organizations (associations, clubs, volunteer youth groups, etc.)","1=None at all; 2=Not very much trust; 3=Quite a lot of trust; 4=A great deal of trust (REVERSED in harmonization: higher=more trust)","Text sourced from W1 questionnaire PDF and W5 SPSS variable labels (ArabBarometer_WaveV_English_v2.sav)"
"w7","Q201A_7","trust_civil_society","Evaluation of Political Institutions","I'm going to name a number of institutions. For each one, please tell me how much trust you have in them.","Civil society organizations (associations, clubs, volunteer youth groups, etc.)","1=None at all; 2=Not very much trust; 3=Quite a lot of trust; 4=A great deal of trust (REVERSED in harmonization: higher=more trust)","Text sourced from W1 questionnaire PDF and W7 SPSS variable labels (AB7_ENG_Release_Version6.sav)"
"w8","Q201A_7","trust_civil_society","Evaluation of Political Institutions","I'm going to name a number of institutions. For each one, please tell me how much trust you have in them.","Civil society organizations (associations, clubs, volunteer youth groups, etc.)","1=None at all; 2=Not very much trust; 3=Quite a lot of trust; 4=A great deal of trust (REVERSED in harmonization: higher=more trust)","Text sourced from W1 questionnaire PDF and W8 SPSS variable labels (ArabBarometer_WaveVIII_English_v3.sav)"
"w2","q2012","trust_courts","Evaluation of Political Institutions","I'm going to name a number of institutions. For each one, please tell me how much trust you have in them.","The courts / legal system","1=None at all; 2=Not very much trust; 3=Quite a lot of trust; 4=A great deal of trust (REVERSED in harmonization: higher=more trust)","Text sourced from W1 questionnaire PDF (ABI_Questionnaire_ENG.pdf) and W2 SPSS variable labels"
"w3","","trust_courts","Evaluation of Political Institutions","I'm going to name a number of institutions. For each one, please tell me how much trust you have in them.","The courts / legal system","1=None at all; 2=Not very much trust; 3=Quite a lot of trust; 4=A great deal of trust (REVERSED in harmonization: higher=more trust)","Not included in this wave"
"w4","q2012","trust_courts","Evaluation of Political Institutions","I'm going to name a number of institutions. For each one, please tell me how much trust you have in them.","The courts / legal system","1=None at all; 2=Not very much trust; 3=Quite a lot of trust; 4=A great deal of trust (REVERSED in harmonization: higher=more trust)","Text sourced from W1 questionnaire PDF (ABI_Questionnaire_ENG.pdf) and W2 SPSS variable labels"
"w5","Q201A_2","trust_courts","Evaluation of Political Institutions","I'm going to name a number of institutions. For each one, please tell me how much trust you have in them.","The courts / legal system","1=None at all; 2=Not very much trust; 3=Quite a lot of trust; 4=A great deal of trust (REVERSED in harmonization: higher=more trust)","Text sourced from W1 questionnaire PDF and W5 SPSS variable labels (ArabBarometer_WaveV_English_v2.sav)"
"w7","Q201A_2","trust_courts","Evaluation of Political Institutions","I'm going to name a number of institutions. For each one, please tell me how much trust you have in them.","The courts / legal system","1=None at all; 2=Not very much trust; 3=Quite a lot of trust; 4=A great deal of trust (REVERSED in harmonization: higher=more trust)","Text sourced from W1 questionnaire PDF and W7 SPSS variable labels (AB7_ENG_Release_Version6.sav)"
"w8","Q201A_2","trust_courts","Evaluation of Political Institutions","I'm going to name a number of institutions. For each one, please tell me how much trust you have in them.","The courts / legal system","1=None at all; 2=Not very much trust; 3=Quite a lot of trust; 4=A great deal of trust (REVERSED in harmonization: higher=more trust)","Text sourced from W1 questionnaire PDF and W8 SPSS variable labels (ArabBarometer_WaveVIII_English_v3.sav)"
"w2","q2011","trust_government","Evaluation of Political Institutions","I'm going to name a number of institutions. For each one, please tell me how much trust you have in them.","Government (Council of Ministers)","1=None at all; 2=Not very much trust; 3=Quite a lot of trust; 4=A great deal of trust (REVERSED in harmonization: higher=more trust)","Text sourced from W1 questionnaire PDF (ABI_Questionnaire_ENG.pdf) and W2 SPSS variable labels"
"w3","q2011","trust_government","Evaluation of Political Institutions","I'm going to name a number of institutions. For each one, please tell me how much trust you have in them.","Government (Council of Ministers)","1=None at all; 2=Not very much trust; 3=Quite a lot of trust; 4=A great deal of trust (REVERSED in harmonization: higher=more trust)","Text sourced from W1 questionnaire PDF (ABI_Questionnaire_ENG.pdf) and W2 SPSS variable labels"
"w4","q2011","trust_government","Evaluation of Political Institutions","I'm going to name a number of institutions. For each one, please tell me how much trust you have in them.","Government (Council of Ministers)","1=None at all; 2=Not very much trust; 3=Quite a lot of trust; 4=A great deal of trust (REVERSED in harmonization: higher=more trust)","Text sourced from W1 questionnaire PDF (ABI_Questionnaire_ENG.pdf) and W2 SPSS variable labels"
"w5","Q201A_1","trust_government","Evaluation of Political Institutions","I'm going to name a number of institutions. For each one, please tell me how much trust you have in them.","Government (Council of Ministers)","1=None at all; 2=Not very much trust; 3=Quite a lot of trust; 4=A great deal of trust (REVERSED in harmonization: higher=more trust)","Text sourced from W1 questionnaire PDF and W5 SPSS variable labels (ArabBarometer_WaveV_English_v2.sav)"
"w7","Q201A_1","trust_government","Evaluation of Political Institutions","I'm going to name a number of institutions. For each one, please tell me how much trust you have in them.","Government (Council of Ministers)","1=None at all; 2=Not very much trust; 3=Quite a lot of trust; 4=A great deal of trust (REVERSED in harmonization: higher=more trust)","Text sourced from W1 questionnaire PDF and W7 SPSS variable labels (AB7_ENG_Release_Version6.sav)"
"w8","Q201A_1","trust_government","Evaluation of Political Institutions","I'm going to name a number of institutions. For each one, please tell me how much trust you have in them.","Government (Council of Ministers)","1=None at all; 2=Not very much trust; 3=Quite a lot of trust; 4=A great deal of trust (REVERSED in harmonization: higher=more trust)","Text sourced from W1 questionnaire PDF and W8 SPSS variable labels (ArabBarometer_WaveVIII_English_v3.sav)"
"w2","","trust_local_govt","Evaluation of Political Institutions","I'm going to name a number of institutions. For each one, please tell me how much trust you have in them.","Local government (municipal government in Lebanon)","1=None at all; 2=Not very much trust; 3=Quite a lot of trust; 4=A great deal of trust (REVERSED in harmonization: higher=more trust)","Not included in this wave"
"w3","","trust_local_govt","Evaluation of Political Institutions","I'm going to name a number of institutions. For each one, please tell me how much trust you have in them.","Local government (municipal government in Lebanon)","1=None at all; 2=Not very much trust; 3=Quite a lot of trust; 4=A great deal of trust (REVERSED in harmonization: higher=more trust)","Not included in this wave"
"w4","","trust_local_govt","Evaluation of Political Institutions","I'm going to name a number of institutions. For each one, please tell me how much trust you have in them.","Local government (municipal government in Lebanon)","1=None at all; 2=Not very much trust; 3=Quite a lot of trust; 4=A great deal of trust (REVERSED in harmonization: higher=more trust)","Not included in this wave"
"w5","Q201A_5","trust_local_govt","Evaluation of Political Institutions","I'm going to name a number of institutions. For each one, please tell me how much trust you have in them.","Local government (municipal government in Lebanon)","1=None at all; 2=Not very much trust; 3=Quite a lot of trust; 4=A great deal of trust (REVERSED in harmonization: higher=more trust)","Text sourced from W1 questionnaire PDF and W5 SPSS variable labels (ArabBarometer_WaveV_English_v2.sav)"
"w7","Q201A_5","trust_local_govt","Evaluation of Political Institutions","I'm going to name a number of institutions. For each one, please tell me how much trust you have in them.","Local government (municipal government in Lebanon)","1=None at all; 2=Not very much trust; 3=Quite a lot of trust; 4=A great deal of trust (REVERSED in harmonization: higher=more trust)","Text sourced from W1 questionnaire PDF and W7 SPSS variable labels (AB7_ENG_Release_Version6.sav)"
"w8","Q201A_5","trust_local_govt","Evaluation of Political Institutions","I'm going to name a number of institutions. For each one, please tell me how much trust you have in them.","Local government (municipal government in Lebanon)","1=None at all; 2=Not very much trust; 3=Quite a lot of trust; 4=A great deal of trust (REVERSED in harmonization: higher=more trust)","Text sourced from W1 questionnaire PDF and W8 SPSS variable labels (ArabBarometer_WaveVIII_English_v3.sav)"
"w2","q2013","trust_parliament","Evaluation of Political Institutions","I'm going to name a number of institutions. For each one, please tell me how much trust you have in them.","The elected council of representatives (the parliament)","1=None at all; 2=Not very much trust; 3=Quite a lot of trust; 4=A great deal of trust (REVERSED in harmonization: higher=more trust)","Text sourced from W1 questionnaire PDF (ABI_Questionnaire_ENG.pdf) and W2 SPSS variable labels"
"w3","q2013","trust_parliament","Evaluation of Political Institutions","I'm going to name a number of institutions. For each one, please tell me how much trust you have in them.","The elected council of representatives (the parliament)","1=None at all; 2=Not very much trust; 3=Quite a lot of trust; 4=A great deal of trust (REVERSED in harmonization: higher=more trust)","Text sourced from W1 questionnaire PDF (ABI_Questionnaire_ENG.pdf) and W2 SPSS variable labels"
"w4","q2013","trust_parliament","Evaluation of Political Institutions","I'm going to name a number of institutions. For each one, please tell me how much trust you have in them.","The elected council of representatives (the parliament)","1=None at all; 2=Not very much trust; 3=Quite a lot of trust; 4=A great deal of trust (REVERSED in harmonization: higher=more trust)","Text sourced from W1 questionnaire PDF (ABI_Questionnaire_ENG.pdf) and W2 SPSS variable labels"
"w5","Q201A_3","trust_parliament","Evaluation of Political Institutions","I'm going to name a number of institutions. For each one, please tell me how much trust you have in them.","The elected council of representatives (the parliament)","1=None at all; 2=Not very much trust; 3=Quite a lot of trust; 4=A great deal of trust (REVERSED in harmonization: higher=more trust)","Text sourced from W1 questionnaire PDF and W5 SPSS variable labels (ArabBarometer_WaveV_English_v2.sav)"
"w7","Q201A_3","trust_parliament","Evaluation of Political Institutions","I'm going to name a number of institutions. For each one, please tell me how much trust you have in them.","The elected council of representatives (the parliament)","1=None at all; 2=Not very much trust; 3=Quite a lot of trust; 4=A great deal of trust (REVERSED in harmonization: higher=more trust)","Text sourced from W1 questionnaire PDF and W7 SPSS variable labels (AB7_ENG_Release_Version6.sav)"
"w8","Q201A_3","trust_parliament","Evaluation of Political Institutions","I'm going to name a number of institutions. For each one, please tell me how much trust you have in them.","The elected council of representatives (the parliament)","1=None at all; 2=Not very much trust; 3=Quite a lot of trust; 4=A great deal of trust (REVERSED in harmonization: higher=more trust)","Text sourced from W1 questionnaire PDF and W8 SPSS variable labels (ArabBarometer_WaveVIII_English_v3.sav)"
"w2","q2014","trust_police","Evaluation of Political Institutions","I'm going to name a number of institutions. For each one, please tell me how much trust you have in them.","Public security (the police)","1=None at all; 2=Not very much trust; 3=Quite a lot of trust; 4=A great deal of trust (REVERSED in harmonization: higher=more trust)","Text sourced from W1 questionnaire PDF (ABI_Questionnaire_ENG.pdf) and W2 SPSS variable labels"
"w3","q2014","trust_police","Evaluation of Political Institutions","I'm going to name a number of institutions. For each one, please tell me how much trust you have in them.","Public security (the police)","1=None at all; 2=Not very much trust; 3=Quite a lot of trust; 4=A great deal of trust (REVERSED in harmonization: higher=more trust)","Text sourced from W1 questionnaire PDF (ABI_Questionnaire_ENG.pdf) and W2 SPSS variable labels"
"w4","q2014","trust_police","Evaluation of Political Institutions","I'm going to name a number of institutions. For each one, please tell me how much trust you have in them.","Public security (the police)","1=None at all; 2=Not very much trust; 3=Quite a lot of trust; 4=A great deal of trust (REVERSED in harmonization: higher=more trust)","Text sourced from W1 questionnaire PDF (ABI_Questionnaire_ENG.pdf) and W2 SPSS variable labels"
"w5","Q201A_42","trust_police","Evaluation of Political Institutions","I'm going to name a number of institutions. For each one, please tell me how much trust you have in them.","Public security (the police)","1=None at all; 2=Not very much trust; 3=Quite a lot of trust; 4=A great deal of trust (REVERSED in harmonization: higher=more trust)","Text sourced from W1 questionnaire PDF and W5 SPSS variable labels (ArabBarometer_WaveV_English_v2.sav)"
"w7","","trust_police","Evaluation of Political Institutions","I'm going to name a number of institutions. For each one, please tell me how much trust you have in them.","Public security (the police)","1=None at all; 2=Not very much trust; 3=Quite a lot of trust; 4=A great deal of trust (REVERSED in harmonization: higher=more trust)","Not included in this wave (generic police trust item dropped in W7; only country-specific Q201A_42A_MOR for Morocco)"
"w8","Q201B_4","trust_police","Evaluation of Political Institutions","I'm going to name a number of institutions. For each one, please tell me how much trust you have in them.","Public security (the police)","1=None at all; 2=Not very much trust; 3=Quite a lot of trust; 4=A great deal of trust (REVERSED in harmonization: higher=more trust)","Text sourced from W8 SPSS variable label (Q201B_4, ArabBarometer_WaveVIII_English_v3.sav). AB W7 had no generic police item; only Morocco-specific Q201A_42A_MOR."
"w2","q2015","trust_political_parties","Evaluation of Political Institutions","I'm going to name a number of institutions. For each one, please tell me how much trust you have in them.","Political parties","1=None at all; 2=Not very much trust; 3=Quite a lot of trust; 4=A great deal of trust (REVERSED in harmonization: higher=more trust)","Text sourced from W1 questionnaire PDF (ABI_Questionnaire_ENG.pdf) and W2 SPSS variable labels"
"w3","","trust_political_parties","Evaluation of Political Institutions","I'm going to name a number of institutions. For each one, please tell me how much trust you have in them.","Political parties","1=None at all; 2=Not very much trust; 3=Quite a lot of trust; 4=A great deal of trust (REVERSED in harmonization: higher=more trust)","Not included in this wave"
"w4","q20120","trust_political_parties","Evaluation of Political Institutions","I'm going to name a number of institutions. For each one, please tell me how much trust you have in them.","Political parties","1=None at all; 2=Not very much trust; 3=Quite a lot of trust; 4=A great deal of trust (REVERSED in harmonization: higher=more trust)","Text sourced from W1 questionnaire PDF (ABI_Questionnaire_ENG.pdf) and W2 SPSS variable labels"
"w5","Q201B_20","trust_political_parties","Evaluation of Political Institutions","I'm going to name a number of institutions. For each one, please tell me how much trust you have in them.","Political parties","1=None at all; 2=Not very much trust; 3=Quite a lot of trust; 4=A great deal of trust (REVERSED in harmonization: higher=more trust)","Text sourced from W1 questionnaire PDF and W5 SPSS variable labels (ArabBarometer_WaveV_English_v2.sav)"
"w7","","trust_political_parties","Evaluation of Political Institutions","I'm going to name a number of institutions. For each one, please tell me how much trust you have in them.","Political parties","1=None at all; 2=Not very much trust; 3=Quite a lot of trust; 4=A great deal of trust (REVERSED in harmonization: higher=more trust)","Not included in this wave (no Q201B_20 in W7 raw file; AB W7 dropped the generic political-parties trust item and replaced with country-specific sectarian-party items Q201B_12 main Sunni party / Q201B_14 main Shia party)"
"w8","","trust_political_parties","Evaluation of Political Institutions","I'm going to name a number of institutions. For each one, please tell me how much trust you have in them.","Political parties","1=None at all; 2=Not very much trust; 3=Quite a lot of trust; 4=A great deal of trust (REVERSED in harmonization: higher=more trust)","Not included in this wave (no Q201B_20 in W8 raw file; same country-specific sectarian-party pattern as W7)"
"w2","","trust_president","Evaluation of Political Institutions","I'm going to name a number of institutions. For each one, please tell me how much trust you have in them.","President / Head of State","1=None at all; 2=Not very much trust; 3=Quite a lot of trust; 4=A great deal of trust (REVERSED in harmonization: higher=more trust)","Not included in this wave"
"w3","","trust_president","Evaluation of Political Institutions","I'm going to name a number of institutions. For each one, please tell me how much trust you have in them.","President / Head of State","1=None at all; 2=Not very much trust; 3=Quite a lot of trust; 4=A great deal of trust (REVERSED in harmonization: higher=more trust)","Not included in this wave"
"w4","","trust_president","Evaluation of Political Institutions","I'm going to name a number of institutions. For each one, please tell me how much trust you have in them.","President / Head of State","1=None at all; 2=Not very much trust; 3=Quite a lot of trust; 4=A great deal of trust (REVERSED in harmonization: higher=more trust)","Not included in this wave"
"w5","Q201B_31","trust_president","Evaluation of Political Institutions","I'm going to name a number of institutions. For each one, please tell me how much trust you have in them.","President / Head of State","1=None at all; 2=Not very much trust; 3=Quite a lot of trust; 4=A great deal of trust (REVERSED in harmonization: higher=more trust)","Text sourced from W5 SPSS variable label (Q201B_31 TRUST: PRESIDENT/PRIME MINISTER, ArabBarometer_WaveV_English_v2.sav). W5 uses a half-sample split ballot (~50% within-country coverage). Combined item covers presidential systems."
"w7","Q201A_31B","trust_president","Evaluation of Political Institutions","I'm going to name a number of institutions. For each one, please tell me how much trust you have in them.","President / Head of State","1=None at all; 2=Not very much trust; 3=Quite a lot of trust; 4=A great deal of trust (REVERSED in harmonization: higher=more trust)","Text sourced from W7 SPSS variable label (Q201A_31B President/Head of State, AB7_ENG_Release_Version6.sav). Separate from Q201A_31C Prime Minister. Populated in presidential/semi-presidential systems (Tunisia, Iraq, Mauritania, Palestine, Sudan); absent in parliamentary monarchies."
"w8","Q201A_31B","trust_president","Evaluation of Political Institutions","I'm going to name a number of institutions. For each one, please tell me how much trust you have in them.","President / Head of State","1=None at all; 2=Not very much trust; 3=Quite a lot of trust; 4=A great deal of trust (REVERSED in harmonization: higher=more trust)","Text sourced from W1 questionnaire PDF and W8 SPSS variable labels (ArabBarometer_WaveVIII_English_v3.sav)"
"w2","q2019","trust_religious_leaders","Evaluation of Political Institutions","I'm going to name a number of institutions. For each one, please tell me how much trust you have in them.","Religious leaders","1=None at all; 2=Not very much trust; 3=Quite a lot of trust; 4=A great deal of trust (REVERSED in harmonization: higher=more trust)","Text sourced from W1 questionnaire PDF (ABI_Questionnaire_ENG.pdf) and W2 SPSS variable labels"
"w3","","trust_religious_leaders","Evaluation of Political Institutions","I'm going to name a number of institutions. For each one, please tell me how much trust you have in them.","Religious leaders","1=None at all; 2=Not very much trust; 3=Quite a lot of trust; 4=A great deal of trust (REVERSED in harmonization: higher=more trust)","Not included in this wave"
"w4","q20113","trust_religious_leaders","Evaluation of Political Institutions","I'm going to name a number of institutions. For each one, please tell me how much trust you have in them.","Religious leaders","1=None at all; 2=Not very much trust; 3=Quite a lot of trust; 4=A great deal of trust (REVERSED in harmonization: higher=more trust)","Text sourced from W1 questionnaire PDF (ABI_Questionnaire_ENG.pdf) and W2 SPSS variable labels"
"w5","Q201B_13","trust_religious_leaders","Evaluation of Political Institutions","I'm going to name a number of institutions. For each one, please tell me how much trust you have in them.","Religious leaders","1=None at all; 2=Not very much trust; 3=Quite a lot of trust; 4=A great deal of trust (REVERSED in harmonization: higher=more trust)","Text sourced from W1 questionnaire PDF and W5 SPSS variable labels (ArabBarometer_WaveV_English_v2.sav)"
"w7","Q201B_13","trust_religious_leaders","Evaluation of Political Institutions","I'm going to name a number of institutions. For each one, please tell me how much trust you have in them.","Religious leaders","1=None at all; 2=Not very much trust; 3=Quite a lot of trust; 4=A great deal of trust (REVERSED in harmonization: higher=more trust)","Text sourced from W1 questionnaire PDF and W7 SPSS variable labels (AB7_ENG_Release_Version6.sav)"
"w8","Q201B_13","trust_religious_leaders","Evaluation of Political Institutions","I'm going to name a number of institutions. For each one, please tell me how much trust you have in them.","Religious leaders","1=None at all; 2=Not very much trust; 3=Quite a lot of trust; 4=A great deal of trust (REVERSED in harmonization: higher=more trust)","Text sourced from W1 questionnaire PDF and W8 SPSS variable labels (ArabBarometer_WaveVIII_English_v3.sav)"
"w2","q13","urban_rural","Demographics","","Urban/Rural","1=Urban; 2=Rural; 3=Camp","Text sourced from W1 questionnaire PDF (ABI_Questionnaire_ENG.pdf) and W2 SPSS variable labels"
"w3","q13","urban_rural","Demographics","","Urban/Rural","1=Urban; 2=Rural; 3=Camp","Text sourced from W1 questionnaire PDF (ABI_Questionnaire_ENG.pdf) and W2 SPSS variable labels"
"w4","q13","urban_rural","Demographics","","Urban/Rural","1=Urban; 2=Rural; 3=Camp","Text sourced from W1 questionnaire PDF (ABI_Questionnaire_ENG.pdf) and W2 SPSS variable labels"
"w5","q13","urban_rural","Demographics","","Urban/Rural","1=Urban; 2=Rural; 3=Camp","Text sourced from W1 questionnaire PDF and W5 SPSS variable labels (ArabBarometer_WaveV_English_v2.sav)"
"w7","Q13","urban_rural","Demographics","","Urban/Rural","1=Urban; 2=Rural; 3=Camp","Text sourced from W1 questionnaire PDF and W7 SPSS variable labels (AB7_ENG_Release_Version6.sav)"
"w8","Q13","urban_rural","Demographics","","Urban/Rural","1=Urban; 2=Rural; 3=Camp","Text sourced from W1 questionnaire PDF and W8 SPSS variable labels (ArabBarometer_WaveVIII_English_v3.sav)"
"w2","wt","weight","Weight","","Survey weight","Continuous; mean approximately 1","Text sourced from W1 questionnaire PDF (ABI_Questionnaire_ENG.pdf) and W2 SPSS variable labels"
"w3","wt","weight","Weight","","Survey weight","Continuous; mean approximately 1","Text sourced from W1 questionnaire PDF (ABI_Questionnaire_ENG.pdf) and W2 SPSS variable labels"
"w4","wt","weight","Weight","","Survey weight","Continuous; mean approximately 1","Text sourced from W1 questionnaire PDF (ABI_Questionnaire_ENG.pdf) and W2 SPSS variable labels"
"w5","wt","weight","Weight","","Survey weight","Continuous; mean approximately 1","Text sourced from W1 questionnaire PDF and W5 SPSS variable labels (ArabBarometer_WaveV_English_v2.sav)"
"w7","WT","weight","Weight","","Survey weight","Continuous; mean approximately 1","Text sourced from W1 questionnaire PDF and W7 SPSS variable labels (AB7_ENG_Release_Version6.sav)"
"w8","WT","weight","Weight","","Survey weight","Continuous; mean approximately 1","Text sourced from W1 questionnaire PDF and W8 SPSS variable labels (ArabBarometer_WaveVIII_English_v3.sav)"
